Survived,Pclass,Age,SibSp,Parch,Fare,Sex_male,Sex_female,Embarked_S,Embarked_C,Embarked_Q,PassengerId
0.0,0.6931471805599453,0.2399406168029818,0.11778303565638346,0.0,0.01405186602861203,1,0,1,0,0,1
0.6931471805599453,0.0,0.3867777169607502,0.11778303565638346,0.0,0.13026984802557665,0,1,0,1,0,2
0.6931471805599453,0.6931471805599453,0.27872019486289784,0.0,0.0,0.015350151109302577,0,1,1,0,0,3
0.6931471805599453,0.0,0.3608381681697983,0.11778303565638346,0.0,0.09861770160548049,0,1,1,0,0,4
0.0,0.6931471805599453,0.3608381681697983,0.0,0.0,0.015590389411477197,1,0,1,0,0,5
0.0,0.6931471805599453,0.31329174258271597,0.0,0.0,0.016374701896558316,1,0,0,0,1,6
0.0,0.0,0.5147886077080417,0.0,0.0,0.09642670019066911,1,0,1,0,0,7
0.0,0.6931471805599453,0.019659709958831317,0.3184537311185346,0.15415067982725836,0.040312098559000725,1,0,1,0,0,8
0.6931471805599453,0.6931471805599453,0.28818458502516947,0.0,0.28768207245178085,0.021498007333324947,0,1,1,0,0,9
0.6931471805599453,0.4054651081081644,0.1575556400173577,0.11778303565638346,0.0,0.05703634945252453,0,1,0,1,0,10
0.6931471805599453,0.6931471805599453,0.044003657991029586,0.11778303565638346,0.15415067982725836,0.032076241648970306,0,1,1,0,0,11
0.6931471805599453,0.0,0.544385322595937,0.0,0.0,0.0505240398785738,0,1,1,0,0,12
0.0,0.6931471805599453,0.21997190216820725,0.0,0.0,0.015590389411477197,1,0,1,0,0,13
0.0,0.6931471805599453,0.3952768332243418,0.11778303565638346,0.6061358035703156,0.05925402134279556,1,0,1,0,0,14
0.0,0.6931471805599453,0.1575556400173577,0.0,0.0,0.015214054528192307,0,1,1,0,0,15
0.6931471805599453,0.4054651081081644,0.5222703125161708,0.0,0.0,0.03075218709515891,0,1,1,0,0,16
0.0,0.6931471805599453,0.019659709958831317,0.4054651081081644,0.15415067982725836,0.0552910958195755,1,0,0,0,1,17
0.6931471805599453,0.4054651081081644,0.31329174258271597,0.0,0.0,0.025057726524795907,1,0,1,0,0,18
0.0,0.6931471805599453,0.3251710494216168,0.11778303565638346,0.0,0.0345305586252918,0,1,1,0,0,19
0.6931471805599453,0.6931471805599453,0.31329174258271597,0.0,0.0,0.014003749011095652,0,1,0,1,0,20
0.0,0.4054651081081644,0.3608381681697983,0.0,0.0,0.04950288176693388,1,0,1,0,0,21
0.6931471805599453,0.4054651081081644,0.3520399414345839,0.0,0.0,0.025057726524795907,1,0,1,0,0,22
0.6931471805599453,0.6931471805599453,0.16823265795323875,0.0,0.0,0.015550417760596577,0,1,0,0,1,23
0.6931471805599453,0.0,0.2975602396776254,0.0,0.0,0.06699617236029527,1,0,1,0,0,24
0.0,0.6931471805599453,0.0909827050776365,0.3184537311185346,0.15415067982725836,0.040312098559000725,0,1,1,0,0,25
0.6931471805599453,0.6931471805599453,0.3867777169607502,0.11778303565638346,0.6061358035703156,0.05946095197459231,0,1,1,0,0,26
0.0,0.6931471805599453,0.31329174258271597,0.0,0.0,0.014003749011095652,1,0,0,1,0,27
0.0,0.0,0.20983599540387343,0.3184537311185346,0.28768207245178085,0.4143203261822158,1,0,1,0,0,28
0.6931471805599453,0.6931471805599453,0.31329174258271597,0.0,0.0,0.015262113346043075,0,1,0,0,1,29
0.0,0.6931471805599453,0.31329174258271597,0.0,0.0,0.015294023125182035,1,0,1,0,0,30
0.0,0.0,0.40370432284629887,0.0,0.0,0.052694340690821934,1,0,0,1,0,31
0.6931471805599453,0.0,0.31329174258271597,0.11778303565638346,0.0,0.25152850381759995,0,1,0,1,0,32
0.6931471805599453,0.6931471805599453,0.31329174258271597,0.0,0.0,0.015013720496480469,0,1,0,0,1,33
0.0,0.4054651081081644,0.601073777346087,0.0,0.0,0.02028744611537874,1,0,1,0,0,34
0.0,0.0,0.2975602396776254,0.11778303565638346,0.0,0.14875332895717522,1,0,0,1,0,35
0.0,0.0,0.420349181160254,0.11778303565638346,0.0,0.09667038198810923,1,0,1,0,0,36
0.6931471805599453,0.6931471805599453,0.31329174258271597,0.0,0.0,0.014011832831848146,1,0,0,1,0,37
0.0,0.6931471805599453,0.23000610235300573,0.0,0.0,0.015590389411477197,1,0,1,0,0,38
0.0,0.6931471805599453,0.19959629913518914,0.22314355131420976,0.0,0.0345305586252918,0,1,1,0,0,39
0.6931471805599453,0.6931471805599453,0.1575556400173577,0.11778303565638346,0.0,0.021705068541472326,0,1,0,1,0,40
0.0,0.6931471805599453,0.40370432284629887,0.11778303565638346,0.0,0.018325034557516082,0,1,1,0,0,41
0.0,0.4054651081081644,0.28818458502516947,0.11778303565638346,0.0,0.04017148235607018,0,1,1,0,0,42
0.0,0.6931471805599453,0.31329174258271597,0.0,0.0,0.015294023125182035,1,0,0,1,0,43
0.6931471805599453,0.4054651081081644,0.03190576062152016,0.11778303565638346,0.28768207245178085,0.07803194294267958,0,1,0,1,0,44
0.6931471805599453,0.6931471805599453,0.20983599540387343,0.0,0.0,0.015262113346043075,0,1,0,0,1,45
0.0,0.6931471805599453,0.31329174258271597,0.0,0.0,0.015590389411477197,1,0,1,0,0,46
0.0,0.6931471805599453,0.31329174258271597,0.11778303565638346,0.0,0.029805359351605623,1,0,0,0,1,47
0.6931471805599453,0.6931471805599453,0.31329174258271597,0.0,0.0,0.015013720496480469,0,1,0,0,1,48
0.0,0.6931471805599453,0.31329174258271597,0.22314355131420976,0.0,0.041444181999891735,1,0,0,1,0,49
0.0,0.6931471805599453,0.19959629913518914,0.11778303565638346,0.0,0.03415336324945941,0,1,1,0,0,50
0.0,0.6931471805599453,0.07944322784935047,0.4054651081081644,0.15415067982725836,0.07461091226899073,1,0,1,0,0,51
0.0,0.6931471805599453,0.23000610235300573,0.0,0.0,0.015109855078817078,1,0,1,0,0,52
0.6931471805599453,0.0,0.4765166783212666,0.11778303565638346,0.0,0.1395579426663449,0,1,0,1,0,53
0.6931471805599453,0.4054651081081644,0.30684880729587144,0.11778303565638346,0.0,0.04950288176693388,0,1,1,0,0,54
0.0,0.0,0.5941609888612451,0.0,0.15415067982725836,0.11419914709145168,1,0,0,1,0,55
0.6931471805599453,0.0,0.31329174258271597,0.0,0.0,0.06699617236029527,1,0,1,0,0,56
0.6931471805599453,0.4054651081081644,0.23000610235300573,0.0,0.0,0.02028744611537874,0,1,1,0,0,57
0.0,0.6931471805599453,0.3022153081340286,0.0,0.0,0.014011832831848146,1,0,0,1,0,58
0.6931471805599453,0.4054651081081644,0.05595694399061719,0.11778303565638346,0.28768207245178085,0.05274840829682131,0,1,1,0,0,59
0.0,0.6931471805599453,0.12482306473273837,0.4855078157817008,0.28768207245178085,0.08759201983616036,1,0,1,0,0,60
0.0,0.6931471805599453,0.2399406168029818,0.0,0.0,0.014011832831848146,1,0,0,1,0,61
0.6931471805599453,0.0,0.3867777169607502,0.0,0.0,0.1450951742356354,0,1,1,0,0,62
0.0,0.0,0.444808251436126,0.11778303565638346,0.0,0.150944702426092,1,0,1,0,0,63
0.0,0.6931471805599453,0.044003657991029586,0.3184537311185346,0.28768207245178085,0.05302610677804016,1,0,1,0,0,64
0.0,0.0,0.31329174258271597,0.0,0.0,0.052694340690821934,1,0,0,1,0,65
0.6931471805599453,0.6931471805599453,0.31329174258271597,0.11778303565638346,0.15415067982725836,0.029323648164715232,1,0,0,1,0,66
0.6931471805599453,0.4054651081081644,0.30684880729587144,0.0,0.0,0.02028744611537874,0,1,1,0,0,67
0.0,0.6931471805599453,0.20983599540387343,0.0,0.0,0.015798485223152,1,0,1,0,0,68
0.6931471805599453,0.6931471805599453,0.1892506657881148,0.4054651081081644,0.28768207245178085,0.015350151109302577,0,1,1,0,0,69
0.0,0.6931471805599453,0.27872019486289784,0.22314355131420976,0.0,0.016766723550696125,1,0,1,0,0,70
0.0,0.4054651081081644,0.33420779987552035,0.0,0.0,0.02028744611537874,1,0,1,0,0,71
0.0,0.6931471805599453,0.17879688043597444,0.4855078157817008,0.28768207245178085,0.08759201983616036,0,1,1,0,0,72
0.0,0.4054651081081644,0.23000610235300573,0.0,0.0,0.1340608923416297,1,0,1,0,0,73
0.0,0.6931471805599453,0.27872019486289784,0.11778303565638346,0.0,0.02782207118911138,1,0,0,1,0,74
0.6931471805599453,0.6931471805599453,0.33420779987552035,0.0,0.0,0.10460544252952911,1,0,1,0,0,75
0.0,0.6931471805599453,0.26916537346147645,0.0,0.0,0.014821423601790385,1,0,1,0,0,76
0.0,0.6931471805599453,0.31329174258271597,0.0,0.0,0.015294023125182035,1,0,1,0,0,77
0.0,0.6931471805599453,0.31329174258271597,0.0,0.0,0.015590389411477197,1,0,1,0,0,78
0.6931471805599453,0.4054651081081644,0.005138821861947991,0.0,0.28768207245178085,0.05506020938272152,1,0,1,0,0,79
0.6931471805599453,0.6931471805599453,0.31605189084135504,0.0,0.0,0.02405785347297414,0,1,1,0,0,80
0.0,0.6931471805599453,0.2399406168029818,0.0,0.0,0.017414316843308762,1,0,1,0,0,81
0.6931471805599453,0.6931471805599453,0.30684880729587144,0.0,0.0,0.018372944101240508,1,0,1,0,0,82
0.6931471805599453,0.6931471805599453,0.31329174258271597,0.0,0.0,0.015085822299643115,0,1,0,0,1,83
0.0,0.0,0.2975602396776254,0.0,0.0,0.08794959101630076,1,0,1,0,0,84
0.6931471805599453,0.4054651081081644,0.1892506657881148,0.0,0.0,0.02028744611537874,0,1,1,0,0,85
0.6931471805599453,0.6931471805599453,0.3431636182874974,0.3184537311185346,0.0,0.0304682328908991,0,1,1,0,0,86
0.0,0.6931471805599453,0.17879688043597444,0.11778303565638346,0.4054651081081644,0.06494050115616902,1,0,1,0,0,87
0.0,0.6931471805599453,0.31329174258271597,0.0,0.0,0.015590389411477197,1,0,1,0,0,88
0.6931471805599453,0.0,0.24977740672550128,0.3184537311185346,0.28768207245178085,0.4143203261822158,0,1,1,0,0,89
0.0,0.6931471805599453,0.2595183760143615,0.0,0.0,0.015590389411477197,1,0,1,0,0,90
0.0,0.6931471805599453,0.30684880729587144,0.0,0.0,0.015590389411477197,1,0,1,0,0,91
0.0,0.6931471805599453,0.21997190216820725,0.0,0.0,0.015214054528192307,1,0,1,0,0,92
0.0,0.0,0.4528301138018988,0.11778303565638346,0.0,0.11279787282143247,1,0,1,0,0,93
0.0,0.6931471805599453,0.27872019486289784,0.11778303565638346,0.28768207245178085,0.03937428350165768,1,0,1,0,0,94
0.0,0.6931471805599453,0.5516496288396406,0.0,0.0,0.01405186602861203,1,0,1,0,0,95
0.0,0.6931471805599453,0.31329174258271597,0.0,0.0,0.015590389411477197,1,0,1,0,0,96
0.0,0.0,0.6349385872794708,0.0,0.0,0.06545106743865253,1,0,0,1,0,97
0.6931471805599453,0.0,0.24977740672550128,0.0,0.15415067982725836,0.11659759157479302,1,0,0,1,0,98
0.6931471805599453,0.4054651081081644,0.3520399414345839,0.0,0.15415067982725836,0.04391449758905135,0,1,1,0,0,99
0.0,0.4054651081081644,0.3520399414345839,0.11778303565638346,0.0,0.04950288176693388,1,0,1,0,0,100
0.0,0.6931471805599453,0.2975602396776254,0.0,0.0,0.015294023125182035,0,1,1,0,0,101
0.0,0.6931471805599453,0.31329174258271597,0.0,0.0,0.015294023125182035,1,0,1,0,0,102
0.0,0.0,0.23000610235300573,0.0,0.15415067982725836,0.14050527758799308,1,0,1,0,0,103
0.0,0.6931471805599453,0.3431636182874974,0.0,0.0,0.0167507922678848,1,0,1,0,0,104
0.0,0.6931471805599453,0.37820574607770335,0.22314355131420976,0.0,0.015350151109302577,1,0,1,0,0,105
0.0,0.6931471805599453,0.2975602396776254,0.0,0.0,0.015294023125182035,1,0,1,0,0,106
0.6931471805599453,0.6931471805599453,0.23000610235300573,0.0,0.0,0.014821423601790385,0,1,1,0,0,107
0.6931471805599453,0.6931471805599453,0.31329174258271597,0.0,0.0,0.015061788942881014,1,0,1,0,0,108
0.0,0.6931471805599453,0.3867777169607502,0.0,0.0,0.015294023125182035,1,0,1,0,0,109
0.6931471805599453,0.6931471805599453,0.31329174258271597,0.11778303565638346,0.0,0.04606040434123649,0,1,0,0,1,110
0.0,0.0,0.46078813765600035,0.0,0.0,0.09667038198810923,1,0,1,0,0,111
0.0,0.6931471805599453,0.16290839875661306,0.11778303565638346,0.0,0.02782207118911138,0,1,0,1,0,112
0.0,0.6931471805599453,0.2399406168029818,0.0,0.0,0.015590389411477197,1,0,1,0,0,113
0.0,0.6931471805599453,0.21997190216820725,0.11778303565638346,0.0,0.018995559385159594,0,1,1,0,0,114
0.0,0.6931471805599453,0.1892506657881148,0.0,0.0,0.027829854243863684,0,1,0,1,0,115
0.0,0.6931471805599453,0.23000610235300573,0.0,0.0,0.015350151109302577,1,0,1,0,0,116
0.0,0.6931471805599453,0.6316032496534298,0.0,0.0,0.015013720496480469,1,0,0,0,1,117
0.0,0.4054651081081644,0.30684880729587144,0.11778303565638346,0.0,0.04017148235607018,1,0,1,0,0,118
0.0,0.0,0.2595183760143615,0.0,0.15415067982725836,0.39415365820595283,1,0,0,1,0,119
0.0,0.6931471805599453,0.019659709958831317,0.4054651081081644,0.28768207245178085,0.05925402134279556,0,1,1,0,0,120
0.0,0.4054651081081644,0.23000610235300573,0.22314355131420976,0.0,0.1340608923416297,1,0,1,0,0,121
0.0,0.6931471805599453,0.31329174258271597,0.0,0.0,0.015590389411477197,1,0,1,0,0,122
0.0,0.4054651081081644,0.33869573488343174,0.11778303565638346,0.0,0.05703634945252453,1,0,0,1,0,123
0.6931471805599453,0.4054651081081644,0.33869573488343174,0.0,0.0,0.025057726524795907,0,1,1,0,0,124
0.0,0.0,0.5147886077080417,0.0,0.15415067982725836,0.14050527758799308,1,0,1,0,0,125
0.6931471805599453,0.6931471805599453,0.13585339937870086,0.11778303565638346,0.0,0.021705068541472326,1,0,0,1,0,126
0.0,0.6931471805599453,0.31329174258271597,0.0,0.0,0.015013720496480469,1,0,0,0,1,127
0.6931471805599453,0.6931471805599453,0.2595183760143615,0.0,0.0,0.013843406397277113,1,0,1,0,0,128
0.6931471805599453,0.6931471805599453,0.31329174258271597,0.11778303565638346,0.15415067982725836,0.0427150769128512,0,1,0,1,0,129
0.0,0.6931471805599453,0.444808251436126,0.0,0.0,0.013522451454419918,1,0,1,0,0,130
0.0,0.6931471805599453,0.3431636182874974,0.0,0.0,0.015294023125182035,1,0,0,1,0,131
0.0,0.6931471805599453,0.21997190216820725,0.0,0.0,0.01366686504595389,1,0,1,0,0,132
0.0,0.6931471805599453,0.46078813765600035,0.11778303565638346,0.0,0.027909010164649164,0,1,1,0,0,133
0.6931471805599453,0.4054651081081644,0.30684880729587144,0.11778303565638346,0.0,0.04950288176693388,0,1,1,0,0,134
0.0,0.4054651081081644,0.26916537346147645,0.0,0.0,0.025057726524795907,1,0,1,0,0,135
0.0,0.4054651081081644,0.24977740672550128,0.0,0.0,0.02894448327084133,1,0,0,1,0,136
0.6931471805599453,0.0,0.20983599540387343,0.0,0.28768207245178085,0.05002900125238943,0,1,1,0,0,137
0.0,0.0,0.37820574607770335,0.11778303565638346,0.0,0.09861770160548049,1,0,1,0,0,138
0.0,0.6931471805599453,0.17879688043597444,0.0,0.0,0.017829898734407344,1,0,1,0,0,139
0.0,0.0,0.2595183760143615,0.0,0.0,0.1437436610449152,1,0,0,1,0,140
0.0,0.6931471805599453,0.31329174258271597,0.0,0.28768207245178085,0.029323648164715232,0,1,0,1,0,141
0.6931471805599453,0.6931471805599453,0.2399406168029818,0.0,0.0,0.015013720496480469,0,1,1,0,0,142
0.6931471805599453,0.6931471805599453,0.2595183760143615,0.11778303565638346,0.0,0.0304682328908991,0,1,1,0,0,143
0.0,0.6931471805599453,0.20983599540387343,0.0,0.0,0.013089085505924586,1,0,0,0,1,144
0.0,0.4054651081081644,0.19959629913518914,0.0,0.0,0.022198289814291207,1,0,1,0,0,145
0.0,0.4054651081081644,0.20983599540387343,0.11778303565638346,0.15415067982725836,0.069275306226147,1,0,1,0,0,146
0.6931471805599453,0.6931471805599453,0.28818458502516947,0.0,0.0,0.01510178012944407,1,0,1,0,0,147
0.0,0.6931471805599453,0.10239054040582178,0.22314355131420976,0.28768207245178085,0.06494050115616902,0,1,1,0,0,148
0.0,0.4054651081081644,0.37389204773128965,0.0,0.28768207245178085,0.04950288176693388,1,0,1,0,0,149
0.0,0.4054651081081644,0.420349181160254,0.0,0.0,0.025057726524795907,1,0,1,0,0,150
0.0,0.4054651081081644,0.4920016579119998,0.0,0.0,0.02415312256249474,1,0,1,0,0,151
0.6931471805599453,0.0,0.2399406168029818,0.11778303565638346,0.0,0.12221280312980437,0,1,1,0,0,152
0.0,0.6931471805599453,0.5259902781183522,0.0,0.0,0.015590389411477197,1,0,1,0,0,153
0.0,0.6931471805599453,0.4078915829631032,0.0,0.28768207245178085,0.027909010164649164,1,0,1,0,0,154
0.0,0.6931471805599453,0.31329174258271597,0.0,0.0,0.014172148444170278,1,0,1,0,0,155
0.0,0.0,0.4920016579119998,0.0,0.15415067982725836,0.11315386612582344,1,0,0,1,0,156
0.6931471805599453,0.6931471805599453,0.17879688043597444,0.0,0.0,0.01498160948698724,0,1,0,0,1,157
0.0,0.6931471805599453,0.31605189084135504,0.0,0.0,0.015590389411477197,1,0,1,0,0,158
0.0,0.6931471805599453,0.31329174258271597,0.0,0.0,0.016766723550696125,1,0,1,0,0,159
0.0,0.6931471805599453,0.31329174258271597,0.6931471805599453,0.28768207245178085,0.12729547887673306,1,0,1,0,0,160
0.0,0.6931471805599453,0.4367215180575171,0.0,0.15415067982725836,0.030941445113450518,1,0,1,0,0,161
0.6931471805599453,0.4054651081081644,0.40370432284629887,0.0,0.0,0.030278885283724966,0,1,1,0,0,162
0.0,0.6931471805599453,0.27872019486289784,0.0,0.0,0.015061788942881014,1,0,1,0,0,163
0.0,0.6931471805599453,0.1892506657881148,0.0,0.0,0.016766723550696125,1,0,1,0,0,164
0.0,0.6931471805599453,0.007261832337772165,0.4054651081081644,0.15415067982725836,0.07461091226899073,1,0,1,0,0,165
0.6931471805599453,0.6931471805599453,0.10239054040582178,0.0,0.28768207245178085,0.039280453605432246,1,0,1,0,0,166
0.6931471805599453,0.0,0.31329174258271597,0.0,0.15415067982725836,0.10197234771859282,0,1,1,0,0,167
0.0,0.6931471805599453,0.444808251436126,0.11778303565638346,0.5108256237659906,0.05302610677804016,0,1,1,0,0,168
0.0,0.0,0.31329174258271597,0.0,0.0,0.049363552105857286,1,0,1,0,0,169
0.0,0.6931471805599453,0.2975602396776254,0.0,0.0,0.10460544252952911,1,0,1,0,0,170
0.0,0.0,0.5660218221892988,0.0,0.0,0.06333871911988026,1,0,1,0,0,171
0.0,0.6931471805599453,0.044003657991029586,0.4054651081081644,0.15415067982725836,0.0552910958195755,1,0,0,0,1,172
0.6931471805599453,0.6931471805599453,0.007261832337772165,0.11778303565638346,0.15415067982725836,0.021498007333324947,0,1,1,0,0,173
0.0,0.6931471805599453,0.23000610235300573,0.0,0.0,0.015350151109302577,1,0,1,0,0,174
0.0,0.0,0.5296964568473066,0.0,0.0,0.058187972216095916,1,0,0,1,0,175
0.0,0.6931471805599453,0.19959629913518914,0.11778303565638346,0.15415067982725836,0.015214054528192307,1,0,1,0,0,176
0.0,0.6931471805599453,0.31329174258271597,0.3184537311185346,0.15415067982725836,0.04851173298012749,1,0,1,0,0,177
0.0,0.0,0.4842891408912918,0.0,0.0,0.054528968184789375,0,1,0,1,0,178
0.0,0.4054651081081644,0.31605189084135504,0.0,0.0,0.025057726524795907,1,0,1,0,0,179
0.0,0.6931471805599453,0.3695596607451925,0.0,0.0,0.0,1,0,1,0,0,180
0.0,0.6931471805599453,0.31329174258271597,0.6931471805599453,0.28768207245178085,0.12729547887673306,0,1,1,0,0,181
0.0,0.4054651081081644,0.31329174258271597,0.0,0.0,0.028952447211634414,1,0,0,1,0,182
0.0,0.6931471805599453,0.10239054040582178,0.4054651081081644,0.28768207245178085,0.05946095197459231,1,0,1,0,0,183
0.6931471805599453,0.4054651081081644,0.007261832337772165,0.22314355131420976,0.15415067982725836,0.0733647027367378,1,0,1,0,0,184
0.6931471805599453,0.6931471805599453,0.044003657991029586,0.0,0.28768207245178085,0.042091527783197434,0,1,1,0,0,185
0.0,0.0,0.31329174258271597,0.0,0.0,0.09312005635116088,1,0,1,0,0,186
0.6931471805599453,0.6931471805599453,0.31329174258271597,0.11778303565638346,0.0,0.029805359351605623,0,1,0,0,1,187
0.6931471805599453,0.0,0.444808251436126,0.0,0.0,0.0505240398785738,1,0,1,0,0,188
0.0,0.6931471805599453,0.40370432284629887,0.11778303565638346,0.15415067982725836,0.029805359351605623,1,0,0,0,1,189
0.0,0.6931471805599453,0.3695596607451925,0.0,0.0,0.015294023125182035,1,0,1,0,0,190
0.6931471805599453,0.4054651081081644,0.33420779987552035,0.0,0.0,0.025057726524795907,0,1,1,0,0,191
0.0,0.4054651081081644,0.20983599540387343,0.0,0.0,0.025057726524795907,1,0,1,0,0,192
0.6931471805599453,0.6931471805599453,0.20983599540387343,0.11778303565638346,0.0,0.015214054528192307,0,1,1,0,0,193
0.6931471805599453,0.4054651081081644,0.03190576062152016,0.11778303565638346,0.15415067982725836,0.04950288176693388,1,0,1,0,0,194
0.6931471805599453,0.0,0.4367215180575171,0.0,0.0,0.052694340690821934,0,1,0,1,0,195
0.6931471805599453,0.0,0.544385322595937,0.0,0.0,0.25152850381759995,0,1,0,1,0,196
0.0,0.6931471805599453,0.31329174258271597,0.0,0.0,0.015013720496480469,1,0,0,0,1,197
0.0,0.6931471805599453,0.420349181160254,0.0,0.15415067982725836,0.01627081535899849,1,0,1,0,0,198
0.6931471805599453,0.6931471805599453,0.31329174258271597,0.0,0.0,0.015013720496480469,0,1,0,0,1,199
0.0,0.4054651081081644,0.2595183760143615,0.0,0.0,0.025057726524795907,0,1,1,0,0,200
0.0,0.6931471805599453,0.2975602396776254,0.0,0.0,0.018372944101240508,1,0,1,0,0,201
0.0,0.6931471805599453,0.31329174258271597,0.6931471805599453,0.28768207245178085,0.12729547887673306,1,0,1,0,0,202
0.0,0.6931471805599453,0.3520399414345839,0.0,0.0,0.012599252234062702,1,0,1,0,0,203
0.0,0.6931471805599453,0.44882722638192185,0.0,0.0,0.014003749011095652,1,0,0,1,0,204
0.6931471805599453,0.6931471805599453,0.19959629913518914,0.0,0.0,0.015590389411477197,1,0,1,0,0,205
0.0,0.6931471805599453,0.019659709958831317,0.0,0.15415067982725836,0.020215718398352154,0,1,1,0,0,206
0.0,0.6931471805599453,0.33420779987552035,0.11778303565638346,0.0,0.0304682328908991,1,0,1,0,0,207
0.6931471805599453,0.6931471805599453,0.27872019486289784,0.0,0.0,0.03601438393280675,1,0,0,1,0,208
0.6931471805599453,0.6931471805599453,0.17879688043597444,0.0,0.0,0.015013720496480469,0,1,0,0,1,209
0.6931471805599453,0.0,0.40370432284629887,0.0,0.0,0.058748010568137624,1,0,0,1,0,210
0.0,0.6931471805599453,0.2595183760143615,0.0,0.0,0.01366686504595389,1,0,1,0,0,211
0.6931471805599453,0.4054651081081644,0.3608381681697983,0.0,0.0,0.04017148235607018,0,1,1,0,0,212
0.0,0.6931471805599453,0.2399406168029818,0.0,0.0,0.01405186602861203,1,0,1,0,0,213
0.0,0.4054651081081644,0.31605189084135504,0.0,0.0,0.025057726524795907,1,0,1,0,0,214
0.0,0.6931471805599453,0.31329174258271597,0.11778303565638346,0.0,0.015013720496480469,1,0,0,0,1,215
0.6931471805599453,0.0,0.3251710494216168,0.11778303565638346,0.0,0.1997505155898914,0,1,0,1,0,216
0.6931471805599453,0.6931471805599453,0.28818458502516947,0.0,0.0,0.015350151109302577,0,1,1,0,0,217
0.0,0.4054651081081644,0.420349181160254,0.11778303565638346,0.0,0.051358757964851676,1,0,1,0,0,218
0.6931471805599453,0.0,0.33420779987552035,0.0,0.0,0.13881495598036686,0,1,0,1,0,219
0.0,0.4054651081081644,0.31605189084135504,0.0,0.0,0.02028744611537874,1,0,1,0,0,220
0.6931471805599453,0.6931471805599453,0.17879688043597444,0.0,0.0,0.015590389411477197,1,0,1,0,0,221
0.0,0.4054651081081644,0.28818458502516947,0.0,0.0,0.025057726524795907,1,0,1,0,0,222
0.0,0.6931471805599453,0.4920016579119998,0.0,0.0,0.015590389411477197,1,0,1,0,0,223
0.0,0.6931471805599453,0.31329174258271597,0.0,0.0,0.015294023125182035,1,0,1,0,0,224
0.6931471805599453,0.0,0.3867777169607502,0.11778303565638346,0.0,0.16183675252436688,1,0,1,0,0,225
0.0,0.6931471805599453,0.2399406168029818,0.0,0.0,0.018085452402978815,1,0,1,0,0,226
0.6931471805599453,0.4054651081081644,0.20983599540387343,0.0,0.0,0.02028744611537874,1,0,1,0,0,227
0.0,0.6931471805599453,0.2250015878544759,0.0,0.0,0.01405186602861203,1,0,1,0,0,228
0.0,0.4054651081081644,0.19959629913518914,0.0,0.0,0.025057726524795907,1,0,1,0,0,229
0.0,0.6931471805599453,0.31329174258271597,0.3184537311185346,0.15415067982725836,0.04851173298012749,0,1,1,0,0,230
0.6931471805599453,0.0,0.3608381681697983,0.11778303565638346,0.0,0.150944702426092,0,1,1,0,0,231
0.0,0.6931471805599453,0.30684880729587144,0.0,0.0,0.015061788942881014,1,0,1,0,0,232
0.0,0.4054651081081644,0.5516496288396406,0.0,0.0,0.026009058003875797,1,0,1,0,0,233
0.6931471805599453,0.6931471805599453,0.05595694399061719,0.4054651081081644,0.28768207245178085,0.05946095197459231,0,1,1,0,0,234
0.0,0.4054651081081644,0.2595183760143615,0.0,0.0,0.02028744611537874,1,0,1,0,0,235
0.0,0.6931471805599453,0.31329174258271597,0.0,0.0,0.014629089721892339,0,1,1,0,0,236
0.0,0.4054651081081644,0.4367215180575171,0.11778303565638346,0.0,0.04950288176693388,1,0,1,0,0,237
0.6931471805599453,0.4054651081081644,0.0909827050776365,0.0,0.28768207245178085,0.049967173817197445,0,1,1,0,0,238
0.0,0.4054651081081644,0.20983599540387343,0.0,0.0,0.02028744611537874,1,0,1,0,0,239
0.0,0.4054651081081644,0.3431636182874974,0.0,0.0,0.023676686326949015,1,0,1,0,0,240
0.0,0.6931471805599453,0.31329174258271597,0.11778303565638346,0.0,0.02782207118911138,0,1,0,1,0,241
0.6931471805599453,0.6931471805599453,0.31329174258271597,0.11778303565638346,0.0,0.029805359351605623,0,1,0,0,1,242
0.0,0.4054651081081644,0.30684880729587144,0.0,0.0,0.02028744611537874,1,0,1,0,0,243
0.0,0.6931471805599453,0.2399406168029818,0.0,0.0,0.013811257785213759,1,0,1,0,0,244
0.0,0.6931471805599453,0.31605189084135504,0.0,0.0,0.014003749011095652,1,0,0,1,0,245
0.0,0.0,0.4367215180575171,0.22314355131420976,0.0,0.16183675252436688,1,0,0,0,1,246
0.0,0.6931471805599453,0.26916537346147645,0.0,0.0,0.015061788942881014,0,1,1,0,0,247
0.6931471805599453,0.4054651081081644,0.2595183760143615,0.0,0.28768207245178085,0.027909010164649164,0,1,1,0,0,248
0.6931471805599453,0.0,0.37820574607770335,0.11778303565638346,0.15415067982725836,0.09765195099379798,1,0,1,0,0,249
0.0,0.4054651081081644,0.5147886077080417,0.11778303565638346,0.0,0.04950288176693388,1,0,1,0,0,250
0.0,0.6931471805599453,0.31329174258271597,0.0,0.0,0.01405186602861203,1,0,1,0,0,251
0.0,0.6931471805599453,0.30684880729587144,0.11778303565638346,0.15415067982725836,0.020215718398352154,0,1,1,0,0,252
0.0,0.0,0.5731311938082868,0.0,0.0,0.0505240398785738,1,0,1,0,0,253
0.0,0.6931471805599453,0.31605189084135504,0.11778303565638346,0.0,0.030941445113450518,1,0,1,0,0,254
0.0,0.6931471805599453,0.412061383017042,0.0,0.28768207245178085,0.038693817203016886,0,1,1,0,0,255
0.6931471805599453,0.6931471805599453,0.30684880729587144,0.0,0.28768207245178085,0.029323648164715232,0,1,0,1,0,256
0.6931471805599453,0.0,0.31329174258271597,0.0,0.0,0.1437436610449152,0,1,0,1,0,257
0.6931471805599453,0.0,0.31605189084135504,0.0,0.0,0.156009028377934,0,1,1,0,0,258
0.6931471805599453,0.0,0.3608381681697983,0.0,0.0,0.6931471805599453,0,1,0,1,0,259
0.6931471805599453,0.4054651081081644,0.4842891408912918,0.0,0.15415067982725836,0.04950288176693388,0,1,1,0,0,260
0.0,0.6931471805599453,0.31329174258271597,0.0,0.0,0.015013720496480469,1,0,0,0,1,261
0.6931471805599453,0.6931471805599453,0.03190576062152016,0.4054651081081644,0.28768207245178085,0.05946095197459231,1,0,1,0,0,262
0.0,0.0,0.49965514697766494,0.11778303565638346,0.15415067982725836,0.14450411195795593,1,0,1,0,0,263
0.0,0.0,0.40370432284629887,0.0,0.0,0.0,1,0,1,0,0,264
0.0,0.6931471805599453,0.31329174258271597,0.0,0.0,0.015013720496480469,0,1,0,0,1,265
0.0,0.4054651081081644,0.3695596607451925,0.0,0.0,0.02028744611537874,1,0,1,0,0,266
0.0,0.6931471805599453,0.17879688043597444,0.4054651081081644,0.15415067982725836,0.07461091226899073,1,0,1,0,0,267
0.6931471805599453,0.6931471805599453,0.26916537346147645,0.11778303565638346,0.0,0.015061788942881014,1,0,1,0,0,268
0.6931471805599453,0.0,0.544385322595937,0.0,0.15415067982725836,0.2620094716834915,0,1,1,0,0,269
0.6931471805599453,0.0,0.3608381681697983,0.0,0.0,0.23486543713368843,0,1,1,0,0,270
0.0,0.0,0.31329174258271597,0.0,0.0,0.058748010568137624,1,0,1,0,0,271
0.6931471805599453,0.6931471805599453,0.26916537346147645,0.0,0.0,0.0,1,0,1,0,0,272
0.6931471805599453,0.4054651081081644,0.412061383017042,0.0,0.15415067982725836,0.037354997987974446,0,1,1,0,0,273
0.0,0.0,0.37820574607770335,0.0,0.15415067982725836,0.05635248735354936,1,0,0,1,0,274
0.6931471805599453,0.6931471805599453,0.31329174258271597,0.0,0.0,0.015013720496480469,0,1,0,0,1,275
0.6931471805599453,0.0,0.5801903788476133,0.11778303565638346,0.0,0.1416423191753882,0,1,1,0,0,276
0.0,0.6931471805599453,0.444808251436126,0.0,0.0,0.015013720496480469,0,1,1,0,0,277
0.0,0.4054651081081644,0.31329174258271597,0.0,0.0,0.0,1,0,1,0,0,278
0.0,0.6931471805599453,0.07944322784935047,0.4054651081081644,0.15415067982725836,0.0552910958195755,1,0,0,0,1,279
0.6931471805599453,0.6931471805599453,0.3608381681697983,0.11778303565638346,0.15415067982725836,0.03876423174471904,0,1,1,0,0,280
0.0,0.6931471805599453,0.5941609888612451,0.0,0.0,0.015013720496480469,1,0,0,0,1,281
0.0,0.6931471805599453,0.2975602396776254,0.0,0.0,0.015214054528192307,1,0,1,0,0,282
0.0,0.6931471805599453,0.17879688043597444,0.0,0.0,0.018372944101240508,1,0,1,0,0,283
0.6931471805599453,0.6931471805599453,0.20983599540387343,0.0,0.0,0.015590389411477197,1,0,1,0,0,284
0.0,0.0,0.31329174258271597,0.0,0.0,0.04950288176693388,1,0,1,0,0,285
0.0,0.6931471805599453,0.3431636182874974,0.0,0.0,0.016766723550696125,1,0,0,1,0,286
0.6931471805599453,0.6931471805599453,0.31605189084135504,0.0,0.0,0.018372944101240508,1,0,1,0,0,287
0.0,0.6931471805599453,0.2399406168029818,0.0,0.0,0.015294023125182035,1,0,1,0,0,288
0.6931471805599453,0.4054651081081644,0.420349181160254,0.0,0.0,0.025057726524795907,1,0,1,0,0,289
0.6931471805599453,0.6931471805599453,0.2399406168029818,0.0,0.0,0.015013720496480469,0,1,0,0,1,290
0.6931471805599453,0.0,0.27872019486289784,0.0,0.0,0.14315179916210935,0,1,1,0,0,291
0.6931471805599453,0.0,0.20983599540387343,0.11778303565638346,0.0,0.16362686056809073,0,1,0,1,0,292
0.0,0.4054651081081644,0.3695596607451925,0.0,0.0,0.024819752176545893,1,0,0,1,0,293
0.0,0.6931471805599453,0.2595183760143615,0.0,0.0,0.01712654937585209,0,1,1,0,0,294
0.0,0.6931471805599453,0.2595183760143615,0.0,0.0,0.015294023125182035,1,0,1,0,0,295
0.0,0.0,0.31329174258271597,0.0,0.0,0.052694340690821934,1,0,0,1,0,296
0.0,0.6931471805599453,0.25465975213337444,0.0,0.0,0.014011832831848146,1,0,0,1,0,297
0.0,0.0,0.019659709958831317,0.11778303565638346,0.28768207245178085,0.2591328180410758,0,1,1,0,0,298
0.6931471805599453,0.0,0.31329174258271597,0.0,0.0,0.05782733447647642,1,0,1,0,0,299
0.6931471805599453,0.0,0.4842891408912918,0.0,0.15415067982725836,0.39415365820595283,0,1,0,1,0,300
0.6931471805599453,0.6931471805599453,0.31329174258271597,0.0,0.0,0.015013720496480469,0,1,0,0,1,301
0.6931471805599453,0.6931471805599453,0.31329174258271597,0.22314355131420976,0.0,0.04438139093780345,1,0,0,0,1,302
0.0,0.6931471805599453,0.20983599540387343,0.0,0.0,0.0,1,0,1,0,0,303
0.6931471805599453,0.4054651081081644,0.31329174258271597,0.0,0.0,0.023819641033232825,0,1,0,0,1,304
0.0,0.6931471805599453,0.31329174258271597,0.0,0.0,0.015590389411477197,1,0,1,0,0,305
0.6931471805599453,0.0,0.006263330008182479,0.11778303565638346,0.28768207245178085,0.2591328180410758,1,0,1,0,0,306
0.6931471805599453,0.0,0.31329174258271597,0.0,0.0,0.19592016494808995,0,1,0,1,0,307
0.6931471805599453,0.0,0.1892506657881148,0.11778303565638346,0.0,0.19273270879136795,0,1,0,1,0,308
0.0,0.4054651081081644,0.31605189084135504,0.11778303565638346,0.0,0.04578076447082253,1,0,0,1,0,309
0.6931471805599453,0.0,0.31605189084135504,0.0,0.0,0.10536707391954979,0,1,0,1,0,310
0.6931471805599453,0.0,0.2595183760143615,0.0,0.0,0.15041301063732052,0,1,0,1,0,311
0.6931471805599453,0.0,0.19959629913518914,0.22314355131420976,0.28768207245178085,0.4135138919029652,0,1,0,1,0,312
0.0,0.4054651081081644,0.27872019486289784,0.11778303565638346,0.15415067982725836,0.04950288176693388,0,1,1,0,0,313
0.0,0.6931471805599453,0.2975602396776254,0.0,0.0,0.015294023125182035,1,0,1,0,0,314
0.0,0.4054651081081644,0.42856885591159444,0.11778303565638346,0.15415067982725836,0.049967173817197445,1,0,1,0,0,315
0.6931471805599453,0.6931471805599453,0.27872019486289784,0.0,0.0,0.015214054528192307,0,1,1,0,0,316
0.6931471805599453,0.4054651081081644,0.2595183760143615,0.11778303565638346,0.0,0.04950288176693388,0,1,1,0,0,317
0.0,0.4054651081081644,0.5147886077080417,0.0,0.0,0.026959485311471264,1,0,1,0,0,318
0.6931471805599453,0.0,0.3251710494216168,0.0,0.28768207245178085,0.2789932087255855,0,1,1,0,0,319
0.6931471805599453,0.0,0.40370432284629887,0.11778303565638346,0.15415067982725836,0.23311488484113035,0,1,0,1,0,320
0.0,0.6931471805599453,0.2399406168029818,0.0,0.0,0.01405186602861203,1,0,1,0,0,321
0.0,0.6931471805599453,0.28818458502516947,0.0,0.0,0.015294023125182035,1,0,1,0,0,322
0.6931471805599453,0.4054651081081644,0.31605189084135504,0.0,0.0,0.023819641033232825,0,1,0,0,1,323
0.6931471805599453,0.4054651081081644,0.2399406168029818,0.11778303565638346,0.15415067982725836,0.05506020938272152,0,1,1,0,0,324
0.0,0.6931471805599453,0.31329174258271597,0.6931471805599453,0.28768207245178085,0.12729547887673306,1,0,1,0,0,325
0.6931471805599453,0.0,0.3695596607451925,0.0,0.0,0.23486543713368843,0,1,0,1,0,326
0.0,0.6931471805599453,0.5660218221892988,0.0,0.0,0.01210127253104824,1,0,1,0,0,327
0.6931471805599453,0.4054651081081644,0.3695596607451925,0.0,0.0,0.025057726524795907,0,1,1,0,0,328
0.6931471805599453,0.6931471805599453,0.3251710494216168,0.11778303565638346,0.15415067982725836,0.039280453605432246,0,1,1,0,0,329
0.6931471805599453,0.0,0.17879688043597444,0.0,0.15415067982725836,0.10720987997031255,0,1,0,1,0,330
0.6931471805599453,0.6931471805599453,0.31329174258271597,0.22314355131420976,0.0,0.04438139093780345,0,1,0,0,1,331
0.0,0.0,0.44882722638192185,0.0,0.0,0.05413613018030518,1,0,1,0,0,332
0.0,0.0,0.3867777169607502,0.0,0.15415067982725836,0.2620094716834915,1,0,1,0,0,333
0.0,0.6931471805599453,0.17879688043597444,0.22314355131420976,0.0,0.0345305586252918,1,0,1,0,0,334
0.6931471805599453,0.0,0.31329174258271597,0.11778303565638346,0.0,0.23179991794815435,0,1,1,0,0,335
0.0,0.6931471805599453,0.31329174258271597,0.0,0.0,0.015294023125182035,1,0,1,0,0,336
0.0,0.0,0.30684880729587144,0.11778303565638346,0.0,0.12221280312980437,1,0,1,0,0,337
0.6931471805599453,0.0,0.412061383017042,0.0,0.0,0.23311488484113035,0,1,0,1,0,338
0.6931471805599453,0.6931471805599453,0.444808251436126,0.0,0.0,0.015590389411477197,1,0,1,0,0,339
0.0,0.0,0.444808251436126,0.0,0.0,0.06699617236029527,1,0,1,0,0,340
0.6931471805599453,0.4054651081081644,0.019659709958831317,0.11778303565638346,0.15415067982725836,0.04950288176693388,1,0,1,0,0,341
0.6931471805599453,0.0,0.2595183760143615,0.3184537311185346,0.28768207245178085,0.4143203261822158,0,1,1,0,0,342
0.0,0.4054651081081644,0.2975602396776254,0.0,0.0,0.025057726524795907,1,0,1,0,0,343
0.0,0.4054651081081644,0.26916537346147645,0.0,0.0,0.025057726524795907,1,0,1,0,0,344
0.0,0.4054651081081644,0.3695596607451925,0.0,0.0,0.025057726524795907,1,0,1,0,0,345
0.6931471805599453,0.4054651081081644,0.2595183760143615,0.0,0.0,0.025057726524795907,0,1,1,0,0,346
0.6931471805599453,0.4054651081081644,0.40370432284629887,0.0,0.0,0.025057726524795907,0,1,1,0,0,347
0.6931471805599453,0.6931471805599453,0.31329174258271597,0.11778303565638346,0.0,0.030941445113450518,0,1,1,0,0,348
0.6931471805599453,0.6931471805599453,0.03190576062152016,0.11778303565638346,0.15415067982725836,0.030562893251489465,1,0,1,0,0,349
0.0,0.6931471805599453,0.420349181160254,0.0,0.0,0.016766723550696125,1,0,1,0,0,350
0.0,0.6931471805599453,0.24977740672550128,0.0,0.0,0.017845812835077288,1,0,1,0,0,351
0.0,0.0,0.31329174258271597,0.0,0.0,0.06608306237594892,1,0,1,0,0,352
0.0,0.6931471805599453,0.16823265795323875,0.11778303565638346,0.15415067982725836,0.014011832831848146,1,0,0,1,0,353
0.0,0.6931471805599453,0.26916537346147645,0.11778303565638346,0.0,0.03415336324945941,1,0,1,0,0,354
0.0,0.6931471805599453,0.31329174258271597,0.0,0.0,0.014003749011095652,1,0,0,1,0,355
0.0,0.6931471805599453,0.2975602396776254,0.0,0.0,0.018372944101240508,1,0,1,0,0,356
0.6931471805599453,0.0,0.2399406168029818,0.0,0.15415067982725836,0.10197234771859282,0,1,1,0,0,357
0.0,0.4054651081081644,0.3867777169607502,0.0,0.0,0.025057726524795907,0,1,1,0,0,358
0.6931471805599453,0.6931471805599453,0.31329174258271597,0.0,0.0,0.015262113346043075,0,1,0,0,1,359
0.6931471805599453,0.6931471805599453,0.31329174258271597,0.0,0.0,0.015262113346043075,0,1,0,0,1,360
0.0,0.6931471805599453,0.40370432284629887,0.11778303565638346,0.5108256237659906,0.05302610677804016,1,0,1,0,0,361
0.0,0.4054651081081644,0.30684880729587144,0.11778303565638346,0.0,0.052694340690821934,1,0,0,1,0,362
0.0,0.6931471805599453,0.444808251436126,0.0,0.15415067982725836,0.02782207118911138,0,1,0,1,0,363
0.0,0.6931471805599453,0.3608381681697983,0.0,0.0,0.01366686504595389,1,0,1,0,0,364
0.0,0.6931471805599453,0.31329174258271597,0.11778303565638346,0.0,0.029805359351605623,1,0,0,0,1,365
0.0,0.6931471805599453,0.31605189084135504,0.0,0.0,0.01405186602861203,1,0,1,0,0,366
0.6931471805599453,0.0,0.5588615452849587,0.11778303565638346,0.0,0.13704365826944034,0,1,0,1,0,367
0.6931471805599453,0.6931471805599453,0.31329174258271597,0.0,0.0,0.014011832831848146,0,1,0,1,0,368
0.6931471805599453,0.6931471805599453,0.31329174258271597,0.0,0.0,0.015013720496480469,0,1,0,0,1,369
0.6931471805599453,0.0,0.2595183760143615,0.0,0.0,0.12686574411272555,0,1,0,1,0,370
0.6931471805599453,0.0,0.26916537346147645,0.11778303565638346,0.0,0.10275060511156485,1,0,0,1,0,371
0.0,0.6931471805599453,0.19959629913518914,0.11778303565638346,0.0,0.012599252234062702,1,0,1,0,0,372
0.0,0.6931471805599453,0.20983599540387343,0.0,0.0,0.015590389411477197,1,0,1,0,0,373
0.0,0.0,0.2399406168029818,0.0,0.0,0.23486543713368843,1,0,0,1,0,374
0.0,0.6931471805599453,0.03190576062152016,0.3184537311185346,0.15415067982725836,0.040312098559000725,0,1,1,0,0,375
0.6931471805599453,0.0,0.31329174258271597,0.11778303565638346,0.0,0.14875332895717522,0,1,0,1,0,376
0.6931471805599453,0.6931471805599453,0.2399406168029818,0.0,0.0,0.01405186602861203,0,1,1,0,0,377
0.0,0.0,0.28818458502516947,0.0,0.28768207245178085,0.34558806577832585,1,0,0,1,0,378
0.0,0.6931471805599453,0.21997190216820725,0.0,0.0,0.007801368446396451,1,0,0,1,0,379
0.0,0.6931471805599453,0.20983599540387343,0.0,0.0,0.015061788942881014,1,0,1,0,0,380
0.6931471805599453,0.0,0.420349181160254,0.0,0.0,0.3674857525851526,0,1,0,1,0,381
0.6931471805599453,0.6931471805599453,0.007261832337772165,0.0,0.28768207245178085,0.03026316782083762,0,1,0,1,0,382
0.0,0.6931471805599453,0.33420779987552035,0.0,0.0,0.015350151109302577,1,0,1,0,0,383
0.6931471805599453,0.0,0.3608381681697983,0.11778303565638346,0.0,0.09667038198810923,0,1,1,0,0,384
0.0,0.6931471805599453,0.31329174258271597,0.0,0.0,0.015294023125182035,1,0,1,0,0,385
0.0,0.4054651081081644,0.19959629913518914,0.0,0.0,0.1340608923416297,1,0,1,0,0,386
0.0,0.6931471805599453,0.007261832337772165,0.4855078157817008,0.28768207245178085,0.08759201983616036,1,0,1,0,0,387
0.6931471805599453,0.4054651081081644,0.3695596607451925,0.0,0.0,0.025057726524795907,0,1,1,0,0,388
0.0,0.6931471805599453,0.31329174258271597,0.0,0.0,0.014973725788082714,1,0,0,0,1,389
0.6931471805599453,0.4054651081081644,0.1892506657881148,0.0,0.0,0.02315234415937072,0,1,0,1,0,390
0.6931471805599453,0.0,0.3695596607451925,0.11778303565638346,0.28768207245178085,0.21044275743508425,1,0,1,0,0,391
0.6931471805599453,0.6931471805599453,0.23000610235300573,0.0,0.0,0.01510178012944407,1,0,1,0,0,392
0.0,0.6931471805599453,0.2975602396776254,0.22314355131420976,0.0,0.015350151109302577,1,0,1,0,0,393
0.6931471805599453,0.0,0.24977740672550128,0.11778303565638346,0.0,0.1997505155898914,0,1,0,1,0,394
0.6931471805599453,0.6931471805599453,0.2595183760143615,0.0,0.28768207245178085,0.032076241648970306,0,1,1,0,0,395
0.0,0.6931471805599453,0.2399406168029818,0.0,0.0,0.01510178012944407,1,0,1,0,0,396
0.0,0.6931471805599453,0.3251710494216168,0.0,0.0,0.015214054528192307,0,1,1,0,0,397
0.0,0.4054651081081644,0.4528301138018988,0.0,0.0,0.04950288176693388,1,0,1,0,0,398
0.0,0.4054651081081644,0.24977740672550128,0.0,0.0,0.02028744611537874,1,0,1,0,0,399
0.6931471805599453,0.4054651081081644,0.2975602396776254,0.0,0.0,0.024391255585488148,0,1,1,0,0,400
0.6931471805599453,0.6931471805599453,0.3952768332243418,0.0,0.0,0.015350151109302577,1,0,1,0,0,401
0.0,0.6931471805599453,0.27872019486289784,0.0,0.0,0.015590389411477197,1,0,1,0,0,402
0.0,0.6931471805599453,0.23000610235300573,0.11778303565638346,0.0,0.018995559385159594,0,1,1,0,0,403
0.0,0.6931471805599453,0.2975602396776254,0.11778303565638346,0.0,0.0304682328908991,1,0,1,0,0,404
0.0,0.6931471805599453,0.21997190216820725,0.0,0.0,0.016766723550696125,0,1,1,0,0,405
0.0,0.4054651081081644,0.3520399414345839,0.11778303565638346,0.0,0.04017148235607018,1,0,1,0,0,406
0.0,0.6931471805599453,0.4920016579119998,0.0,0.0,0.015013720496480469,1,0,1,0,0,407
0.6931471805599453,0.4054651081081644,0.03190576062152016,0.11778303565638346,0.15415067982725836,0.035943775488515954,1,0,1,0,0,408
0.0,0.6931471805599453,0.23000610235300573,0.0,0.0,0.015061788942881014,1,0,1,0,0,409
0.0,0.6931471805599453,0.31329174258271597,0.3184537311185346,0.15415067982725836,0.04851173298012749,0,1,1,0,0,410
0.0,0.6931471805599453,0.31329174258271597,0.0,0.0,0.015294023125182035,1,0,1,0,0,411
0.0,0.6931471805599453,0.31329174258271597,0.0,0.0,0.013297702425629027,1,0,0,0,1,412
0.6931471805599453,0.0,0.3431636182874974,0.11778303565638346,0.0,0.16183675252436688,0,1,0,0,1,413
0.0,0.4054651081081644,0.31329174258271597,0.0,0.0,0.0,1,0,1,0,0,414
0.6931471805599453,0.6931471805599453,0.4367215180575171,0.0,0.0,0.015350151109302577,1,0,1,0,0,415
0.0,0.6931471805599453,0.31329174258271597,0.0,0.0,0.015590389411477197,0,1,1,0,0,416
0.6931471805599453,0.4054651081081644,0.3520399414345839,0.11778303565638346,0.15415067982725836,0.0615049638758525,0,1,1,0,0,417
0.6931471805599453,0.4054651081081644,0.19959629913518914,0.0,0.28768207245178085,0.025057726524795907,0,1,1,0,0,418
0.0,0.4054651081081644,0.31605189084135504,0.0,0.0,0.025057726524795907,1,0,1,0,0,419
0.0,0.6931471805599453,0.11366970351888557,0.0,0.28768207245178085,0.04606040434123649,0,1,1,0,0,420
0.0,0.6931471805599453,0.31329174258271597,0.0,0.0,0.015294023125182035,1,0,0,1,0,421
0.0,0.6931471805599453,0.23000610235300573,0.0,0.0,0.01498160948698724,1,0,0,0,1,422
0.0,0.6931471805599453,0.30684880729587144,0.0,0.0,0.015254039626059234,1,0,1,0,0,423
0.0,0.6931471805599453,0.2975602396776254,0.11778303565638346,0.15415067982725836,0.027719177308112075,0,1,1,0,0,424
0.0,0.6931471805599453,0.19959629913518914,0.11778303565638346,0.15415067982725836,0.038693817203016886,1,0,1,0,0,425
0.0,0.6931471805599453,0.31329174258271597,0.0,0.0,0.01405186602861203,1,0,1,0,0,426
0.6931471805599453,0.4054651081081644,0.2975602396776254,0.11778303565638346,0.0,0.04950288176693388,0,1,1,0,0,427
0.6931471805599453,0.4054651081081644,0.20983599540387343,0.0,0.0,0.04950288176693388,0,1,1,0,0,428
0.0,0.6931471805599453,0.31329174258271597,0.0,0.0,0.015013720496480469,1,0,0,0,1,429
0.6931471805599453,0.6931471805599453,0.33420779987552035,0.0,0.0,0.015590389411477197,1,0,1,0,0,430
0.6931471805599453,0.0,0.2975602396776254,0.0,0.0,0.0505240398785738,1,0,1,0,0,431
0.6931471805599453,0.6931471805599453,0.31329174258271597,0.11778303565638346,0.0,0.030941445113450518,0,1,1,0,0,432
0.6931471805599453,0.4054651081081644,0.420349181160254,0.11778303565638346,0.0,0.04950288176693388,0,1,1,0,0,433
0.0,0.6931471805599453,0.1892506657881148,0.0,0.0,0.013811257785213759,1,0,1,0,0,434
0.0,0.0,0.4842891408912918,0.11778303565638346,0.0,0.10355747128149574,1,0,1,0,0,435
0.6931471805599453,0.0,0.1575556400173577,0.11778303565638346,0.28768207245178085,0.21044275743508425,0,1,1,0,0,436
0.0,0.6931471805599453,0.23000610235300573,0.22314355131420976,0.28768207245178085,0.06494050115616902,0,1,1,0,0,437
0.6931471805599453,0.4054651081081644,0.2595183760143615,0.22314355131420976,0.4054651081081644,0.035943775488515954,0,1,1,0,0,438
0.0,0.0,0.5872000808990425,0.11778303565638346,0.5108256237659906,0.4143203261822158,1,0,1,0,0,439
0.0,0.4054651081081644,0.3251710494216168,0.0,0.0,0.02028744611537874,1,0,1,0,0,440
0.6931471805599453,0.4054651081081644,0.444808251436126,0.11778303565638346,0.15415067982725836,0.049967173817197445,0,1,1,0,0,441
0.0,0.6931471805599453,0.21997190216820725,0.0,0.0,0.018372944101240508,1,0,1,0,0,442
0.0,0.6931471805599453,0.26916537346147645,0.11778303565638346,0.0,0.015061788942881014,1,0,1,0,0,443
0.6931471805599453,0.4054651081081644,0.2975602396776254,0.0,0.0,0.025057726524795907,0,1,1,0,0,444
0.6931471805599453,0.6931471805599453,0.31329174258271597,0.0,0.0,0.01571048692311477,1,0,1,0,0,445
0.6931471805599453,0.0,0.044003657991029586,0.0,0.28768207245178085,0.14822753894558788,1,0,1,0,0,446
0.6931471805599453,0.4054651081081644,0.1467633919487985,0.0,0.15415067982725836,0.037354997987974446,0,1,1,0,0,447
0.6931471805599453,0.0,0.3520399414345839,0.0,0.0,0.0505240398785738,1,0,1,0,0,448
0.6931471805599453,0.6931471805599453,0.05595694399061719,0.22314355131420976,0.15415067982725836,0.03690042546873154,0,1,0,1,0,449
0.6931471805599453,0.0,0.49965514697766494,0.0,0.0,0.05782733447647642,1,0,1,0,0,450
0.0,0.4054651081081644,0.3695596607451925,0.11778303565638346,0.28768207245178085,0.05274840829682131,1,0,1,0,0,451
0.0,0.6931471805599453,0.31329174258271597,0.11778303565638346,0.0,0.038232150551941124,1,0,1,0,0,452
0.0,0.0,0.31605189084135504,0.0,0.0,0.05274840829682131,1,0,0,1,0,453
0.6931471805599453,0.0,0.4765166783212666,0.11778303565638346,0.0,0.16034841891878718,1,0,0,1,0,454
0.0,0.6931471805599453,0.31329174258271597,0.0,0.0,0.015590389411477197,1,0,1,0,0,455
0.6931471805599453,0.6931471805599453,0.30684880729587144,0.0,0.0,0.015294023125182035,1,0,0,1,0,456
0.0,0.0,0.5941609888612451,0.0,0.0,0.0505240398785738,1,0,1,0,0,457
0.6931471805599453,0.0,0.31329174258271597,0.11778303565638346,0.0,0.09642670019066911,0,1,1,0,0,458
0.6931471805599453,0.4054651081081644,0.4842891408912918,0.0,0.0,0.02028744611537874,0,1,1,0,0,459
0.0,0.6931471805599453,0.31329174258271597,0.0,0.0,0.015013720496480469,1,0,0,0,1,460
0.6931471805599453,0.0,0.46868333104381926,0.0,0.0,0.0505240398785738,1,0,1,0,0,461
0.0,0.6931471805599453,0.3520399414345839,0.0,0.0,0.015590389411477197,1,0,1,0,0,462
0.0,0.0,0.46078813765600035,0.0,0.0,0.07245739207376867,1,0,1,0,0,463
0.0,0.4054651081081644,0.46868333104381926,0.0,0.0,0.025057726524795907,1,0,1,0,0,464
0.0,0.6931471805599453,0.31329174258271597,0.0,0.0,0.015590389411477197,1,0,1,0,0,465
0.0,0.6931471805599453,0.3867777169607502,0.0,0.0,0.01366686504595389,1,0,1,0,0,466
0.0,0.4054651081081644,0.31329174258271597,0.0,0.0,0.0,1,0,1,0,0,467
0.0,0.0,0.5296964568473066,0.0,0.0,0.0505240398785738,1,0,1,0,0,468
0.0,0.6931471805599453,0.31329174258271597,0.0,0.0,0.014965649739393313,1,0,0,0,1,469
0.6931471805599453,0.6931471805599453,0.004138196387588744,0.22314355131420976,0.15415067982725836,0.03690042546873154,0,1,0,1,0,470
0.0,0.6931471805599453,0.31329174258271597,0.0,0.0,0.01405186602861203,1,0,1,0,0,471
0.0,0.6931471805599453,0.3867777169607502,0.0,0.0,0.016766723550696125,1,0,1,0,0,472
0.6931471805599453,0.4054651081081644,0.3431636182874974,0.11778303565638346,0.28768207245178085,0.05274840829682131,0,1,1,0,0,473
0.6931471805599453,0.4054651081081644,0.24977740672550128,0.0,0.0,0.026563647061810185,0,1,0,1,0,474
0.0,0.6931471805599453,0.2399406168029818,0.0,0.0,0.01901949838705172,0,1,1,0,0,475
0.0,0.0,0.31329174258271597,0.0,0.0,0.09667038198810923,1,0,1,0,0,476
0.0,0.4054651081081644,0.3520399414345839,0.11778303565638346,0.0,0.04017148235607018,1,0,1,0,0,477
0.0,0.6931471805599453,0.30684880729587144,0.11778303565638346,0.0,0.013658778436051316,1,0,1,0,0,478
0.0,0.6931471805599453,0.2399406168029818,0.0,0.0,0.014572921250317838,1,0,1,0,0,479
0.6931471805599453,0.6931471805599453,0.019659709958831317,0.0,0.15415067982725836,0.02370051353054463,0,1,1,0,0,480
0.0,0.6931471805599453,0.10239054040582178,0.4855078157817008,0.28768207245178085,0.08759201983616036,1,0,1,0,0,481
0.0,0.4054651081081644,0.31329174258271597,0.0,0.0,0.0,1,0,1,0,0,482
0.0,0.6931471805599453,0.4842891408912918,0.0,0.0,0.015590389411477197,1,0,1,0,0,483
0.6931471805599453,0.6931471805599453,0.5801903788476133,0.0,0.0,0.0185406094309054,0,1,1,0,0,484
0.6931471805599453,0.0,0.26916537346147645,0.11778303565638346,0.0,0.16362686056809073,1,0,0,1,0,485
0.0,0.6931471805599453,0.31329174258271597,0.3184537311185346,0.15415067982725836,0.04851173298012749,0,1,1,0,0,486
0.6931471805599453,0.0,0.3608381681697983,0.11778303565638346,0.0,0.16183675252436688,0,1,1,0,0,487
0.0,0.0,0.544385322595937,0.0,0.0,0.05635248735354936,1,0,0,1,0,488
0.0,0.6931471805599453,0.31605189084135504,0.0,0.0,0.015590389411477197,1,0,1,0,0,489
0.6931471805599453,0.6931471805599453,0.10239054040582178,0.11778303565638346,0.15415067982725836,0.030562893251489465,1,0,1,0,0,490
0.0,0.6931471805599453,0.31329174258271597,0.11778303565638346,0.0,0.038232150551941124,1,0,1,0,0,491
0.0,0.6931471805599453,0.23000610235300573,0.0,0.0,0.01405186602861203,1,0,1,0,0,492
0.0,0.0,0.5222703125161708,0.0,0.0,0.05782733447647642,1,0,1,0,0,493
0.0,0.0,0.6349385872794708,0.0,0.0,0.09223797749148892,1,0,0,1,0,494
0.0,0.6931471805599453,0.23000610235300573,0.0,0.0,0.015590389411477197,1,0,1,0,0,495
0.0,0.6931471805599453,0.31329174258271597,0.0,0.0,0.027829854243863684,1,0,0,1,0,496
0.6931471805599453,0.0,0.5147886077080417,0.11778303565638346,0.0,0.14216464001927745,0,1,0,1,0,497
0.0,0.6931471805599453,0.31329174258271597,0.0,0.0,0.02904725115903843,1,0,1,0,0,498
0.0,0.0,0.26916537346147645,0.11778303565638346,0.28768207245178085,0.2591328180410758,0,1,1,0,0,499
0.0,0.6931471805599453,0.2595183760143615,0.0,0.0,0.01510178012944407,1,0,1,0,0,500
0.0,0.6931471805599453,0.1892506657881148,0.0,0.0,0.016766723550696125,1,0,1,0,0,501
0.0,0.6931471805599453,0.23000610235300573,0.0,0.0,0.015013720496480469,0,1,0,0,1,502
0.0,0.6931471805599453,0.31329174258271597,0.0,0.0,0.014781421201641047,0,1,0,0,1,503
0.0,0.6931471805599453,0.37820574607770335,0.0,0.0,0.0185406094309054,0,1,1,0,0,504
0.6931471805599453,0.0,0.17879688043597444,0.0,0.0,0.156009028377934,0,1,1,0,0,505
0.0,0.0,0.19959629913518914,0.11778303565638346,0.0,0.19273270879136795,1,0,0,1,0,506
0.6931471805599453,0.4054651081081644,0.3431636182874974,0.0,0.28768207245178085,0.04950288176693388,0,1,1,0,0,507
0.6931471805599453,0.0,0.31329174258271597,0.0,0.0,0.0505240398785738,1,0,1,0,0,508
0.0,0.6931471805599453,0.2975602396776254,0.0,0.0,0.04302679921661917,1,0,1,0,0,509
0.6931471805599453,0.6931471805599453,0.27872019486289784,0.0,0.0,0.10460544252952911,1,0,1,0,0,510
0.6931471805599453,0.6931471805599453,0.30684880729587144,0.0,0.0,0.015013720496480469,1,0,0,0,1,511
0.0,0.6931471805599453,0.31329174258271597,0.0,0.0,0.015590389411477197,1,0,1,0,0,512
0.6931471805599453,0.0,0.3695596607451925,0.0,0.0,0.05003679903581385,1,0,1,0,0,513
0.6931471805599453,0.0,0.5147886077080417,0.11778303565638346,0.0,0.10969806553096716,0,1,0,1,0,514
0.0,0.6931471805599453,0.2595183760143615,0.0,0.0,0.014524829298496697,1,0,1,0,0,515
0.0,0.0,0.46078813765600035,0.0,0.0,0.06429240884309313,1,0,1,0,0,516
0.6931471805599453,0.4054651081081644,0.3520399414345839,0.0,0.0,0.02028744611537874,0,1,1,0,0,517
0.0,0.6931471805599453,0.31329174258271597,0.0,0.0,0.04606040434123649,1,0,0,0,1,518
0.6931471805599453,0.4054651081081644,0.3695596607451925,0.11778303565638346,0.0,0.04950288176693388,0,1,1,0,0,519
0.0,0.6931471805599453,0.33420779987552035,0.0,0.0,0.015294023125182035,1,0,1,0,0,520
0.6931471805599453,0.0,0.31605189084135504,0.0,0.0,0.1676307109841702,0,1,1,0,0,521
0.0,0.6931471805599453,0.2399406168029818,0.0,0.0,0.015294023125182035,1,0,1,0,0,522
0.0,0.6931471805599453,0.31329174258271597,0.0,0.0,0.014003749011095652,1,0,0,1,0,523
0.6931471805599453,0.0,0.4367215180575171,0.0,0.15415067982725836,0.10720987997031255,0,1,0,1,0,524
0.0,0.6931471805599453,0.31329174258271597,0.0,0.0,0.014011832831848146,1,0,0,1,0,525
0.0,0.6931471805599453,0.4078915829631032,0.0,0.0,0.015013720496480469,1,0,0,0,1,526
0.6931471805599453,0.4054651081081644,0.4842891408912918,0.0,0.0,0.02028744611537874,0,1,1,0,0,527
0.0,0.0,0.31329174258271597,0.0,0.0,0.3596893144603628,1,0,1,0,0,528
0.0,0.6931471805599453,0.3952768332243418,0.0,0.0,0.015350151109302577,1,0,1,0,0,529
0.0,0.4054651081081644,0.24977740672550128,0.22314355131420976,0.15415067982725836,0.022198289814291207,1,0,1,0,0,530
0.6931471805599453,0.4054651081081644,0.019659709958831317,0.11778303565638346,0.15415067982725836,0.04950288176693388,0,1,1,0,0,531
0.0,0.6931471805599453,0.31329174258271597,0.0,0.0,0.014011832831848146,1,0,0,1,0,532
0.0,0.6931471805599453,0.1892506657881148,0.11778303565638346,0.15415067982725836,0.014011832831848146,1,0,0,1,0,533
0.6931471805599453,0.6931471805599453,0.31329174258271597,0.0,0.28768207245178085,0.0427150769128512,0,1,0,1,0,534
0.0,0.6931471805599453,0.31605189084135504,0.0,0.0,0.016766723550696125,0,1,1,0,0,535
0.6931471805599453,0.4054651081081644,0.07944322784935047,0.0,0.28768207245178085,0.049967173817197445,0,1,1,0,0,536
0.0,0.0,0.444808251436126,0.0,0.0,0.0505240398785738,1,0,1,0,0,537
0.6931471805599453,0.0,0.31605189084135504,0.0,0.0,0.18874071456498911,0,1,0,1,0,538
0.0,0.6931471805599453,0.31329174258271597,0.0,0.0,0.027909010164649164,1,0,1,0,0,539
0.6931471805599453,0.0,0.2399406168029818,0.0,0.28768207245178085,0.09223050193788407,0,1,0,1,0,540
0.6931471805599453,0.0,0.3695596607451925,0.0,0.28768207245178085,0.12978430533639912,0,1,1,0,0,541
0.0,0.6931471805599453,0.10239054040582178,0.4054651081081644,0.28768207245178085,0.05925402134279556,0,1,1,0,0,542
0.0,0.6931471805599453,0.12482306473273837,0.4054651081081644,0.28768207245178085,0.05925402134279556,0,1,1,0,0,543
0.6931471805599453,0.4054651081081644,0.33420779987552035,0.11778303565638346,0.0,0.04950288176693388,1,0,1,0,0,544
0.0,0.0,0.4842891408912918,0.11778303565638346,0.0,0.18874071456498911,1,0,0,1,0,545
0.0,0.0,0.5872000808990425,0.0,0.0,0.04950288176693388,1,0,1,0,0,546
0.6931471805599453,0.4054651081081644,0.20983599540387343,0.11778303565638346,0.0,0.04950288176693388,0,1,1,0,0,547
0.6931471805599453,0.4054651081081644,0.31329174258271597,0.0,0.0,0.026698207837965168,1,0,0,1,0,548
0.0,0.6931471805599453,0.3431636182874974,0.11778303565638346,0.15415067982725836,0.039280453605432246,1,0,1,0,0,549
0.6931471805599453,0.4054651081081644,0.0909827050776365,0.11778303565638346,0.15415067982725836,0.069275306226147,1,0,1,0,0,550
0.6931471805599453,0.0,0.1892506657881148,0.0,0.28768207245178085,0.19592016494808995,1,0,0,1,0,551
0.0,0.4054651081081644,0.28818458502516947,0.0,0.0,0.04950288176693388,1,0,1,0,0,552
0.0,0.6931471805599453,0.31329174258271597,0.0,0.0,0.015165993400580561,1,0,0,0,1,553
0.6931471805599453,0.6931471805599453,0.2399406168029818,0.0,0.0,0.014003749011095652,1,0,0,1,0,554
0.6931471805599453,0.6931471805599453,0.2399406168029818,0.0,0.0,0.015061788942881014,0,1,1,0,0,555
0.0,0.0,0.5731311938082868,0.0,0.0,0.0505240398785738,1,0,1,0,0,556
0.6931471805599453,0.0,0.46868333104381926,0.11778303565638346,0.0,0.07445239000774008,0,1,0,1,0,557
0.0,0.0,0.31329174258271597,0.0,0.0,0.3674857525851526,1,0,0,1,0,558
0.6931471805599453,0.0,0.3952768332243418,0.11778303565638346,0.15415067982725836,0.14450411195795593,0,1,1,0,0,559
0.6931471805599453,0.6931471805599453,0.3695596607451925,0.11778303565638346,0.0,0.0333985454002229,0,1,1,0,0,560
0.0,0.6931471805599453,0.31329174258271597,0.0,0.0,0.015013720496480469,1,0,0,0,1,561
0.0,0.6931471805599453,0.40370432284629887,0.0,0.0,0.015294023125182035,1,0,1,0,0,562
0.0,0.4054651081081644,0.2975602396776254,0.0,0.0,0.026009058003875797,1,0,1,0,0,563
0.0,0.6931471805599453,0.31329174258271597,0.0,0.0,0.015590389411477197,1,0,1,0,0,564
0.0,0.6931471805599453,0.31329174258271597,0.0,0.0,0.015590389411477197,0,1,1,0,0,565
0.0,0.6931471805599453,0.2595183760143615,0.22314355131420976,0.0,0.04606040434123649,1,0,1,0,0,566
0.0,0.6931471805599453,0.20983599540387343,0.0,0.0,0.015294023125182035,1,0,1,0,0,567
0.0,0.6931471805599453,0.30684880729587144,0.0,0.5108256237659906,0.040312098559000725,0,1,1,0,0,568
0.0,0.6931471805599453,0.31329174258271597,0.0,0.0,0.014011832831848146,1,0,0,1,0,569
0.6931471805599453,0.6931471805599453,0.33420779987552035,0.0,0.0,0.015214054528192307,1,0,1,0,0,570
0.6931471805599453,0.4054651081081644,0.5731311938082868,0.0,0.0,0.02028744611537874,1,0,1,0,0,571
0.6931471805599453,0.0,0.5072505047738852,0.22314355131420976,0.0,0.09574709029568258,0,1,1,0,0,572
0.6931471805599453,0.0,0.3695596607451925,0.0,0.0,0.050222442589215634,1,0,1,0,0,573
0.6931471805599453,0.6931471805599453,0.31329174258271597,0.0,0.0,0.015013720496480469,0,1,0,0,1,574
0.0,0.6931471805599453,0.17879688043597444,0.0,0.0,0.015590389411477197,1,0,1,0,0,575
0.0,0.6931471805599453,0.20983599540387343,0.0,0.0,0.027909010164649164,1,0,1,0,0,576
0.6931471805599453,0.4054651081081644,0.3520399414345839,0.0,0.0,0.025057726524795907,0,1,1,0,0,577
0.6931471805599453,0.0,0.3952768332243418,0.11778303565638346,0.0,0.10355747128149574,0,1,1,0,0,578
0.0,0.6931471805599453,0.31329174258271597,0.11778303565638346,0.0,0.027829854243863684,0,1,0,1,0,579
0.6931471805599453,0.6931471805599453,0.33420779987552035,0.0,0.0,0.015350151109302577,1,0,1,0,0,580
0.6931471805599453,0.4054651081081644,0.26916537346147645,0.11778303565638346,0.15415067982725836,0.05690580995916426,0,1,1,0,0,581
0.6931471805599453,0.0,0.3952768332243418,0.11778303565638346,0.15415067982725836,0.19592016494808995,0,1,0,1,0,582
0.0,0.4054651081081644,0.5147886077080417,0.0,0.0,0.04950288176693388,1,0,1,0,0,583
0.0,0.0,0.3695596607451925,0.0,0.0,0.07540314685458746,1,0,0,1,0,584
0.0,0.6931471805599453,0.31329174258271597,0.0,0.0,0.016862689764520714,1,0,0,1,0,585
0.6931471805599453,0.0,0.19959629913518914,0.0,0.28768207245178085,0.14450411195795593,0,1,1,0,0,586
0.0,0.4054651081081644,0.46078813765600035,0.0,0.0,0.028857634275589787,1,0,1,0,0,587
0.6931471805599453,0.0,0.5588615452849587,0.11778303565638346,0.15415067982725836,0.1437436610449152,1,0,0,1,0,588
0.0,0.6931471805599453,0.2399406168029818,0.0,0.0,0.015590389411477197,1,0,1,0,0,589
0.0,0.6931471805599453,0.31329174258271597,0.0,0.0,0.015590389411477197,1,0,1,0,0,590
0.0,0.6931471805599453,0.3608381681697983,0.0,0.0,0.013811257785213759,1,0,1,0,0,591
0.6931471805599453,0.0,0.49965514697766494,0.11778303565638346,0.0,0.14216464001927745,0,1,0,1,0,592
0.0,0.6931471805599453,0.46078813765600035,0.0,0.0,0.01405186602861203,1,0,1,0,0,593
0.0,0.6931471805599453,0.31329174258271597,0.0,0.28768207245178085,0.015013720496480469,0,1,0,0,1,594
0.0,0.4054651081081644,0.37820574607770335,0.11778303565638346,0.0,0.04950288176693388,1,0,1,0,0,595
0.0,0.6931471805599453,0.3695596607451925,0.11778303565638346,0.15415067982725836,0.04606040434123649,1,0,1,0,0,596
0.6931471805599453,0.4054651081081644,0.31329174258271597,0.0,0.0,0.06242226183009436,0,1,1,0,0,597
0.0,0.6931471805599453,0.4765166783212666,0.0,0.0,0.0,1,0,1,0,0,598
0.0,0.6931471805599453,0.31329174258271597,0.0,0.0,0.014003749011095652,1,0,0,1,0,599
0.6931471805599453,0.0,0.4765166783212666,0.11778303565638346,0.0,0.10536707391954979,1,0,0,1,0,600
0.6931471805599453,0.4054651081081644,0.2595183760143615,0.22314355131420976,0.15415067982725836,0.051358757964851676,0,1,1,0,0,601
0.0,0.6931471805599453,0.31329174258271597,0.0,0.0,0.015294023125182035,1,0,1,0,0,602
0.0,0.0,0.31329174258271597,0.0,0.0,0.07951267956927865,1,0,1,0,0,603
0.0,0.6931471805599453,0.4367215180575171,0.0,0.0,0.015590389411477197,1,0,1,0,0,604
0.6931471805599453,0.0,0.3608381681697983,0.0,0.0,0.0505240398785738,1,0,0,1,0,605
0.0,0.6931471805599453,0.3695596607451925,0.11778303565638346,0.0,0.029900082477873055,1,0,1,0,0,606
0.0,0.6931471805599453,0.31605189084135504,0.0,0.0,0.015294023125182035,1,0,1,0,0,607
0.6931471805599453,0.0,0.28818458502516947,0.0,0.0,0.05782733447647642,1,0,1,0,0,608
0.6931471805599453,0.4054651081081644,0.2399406168029818,0.11778303565638346,0.28768207245178085,0.07803194294267958,0,1,0,1,0,609
0.6931471805599453,0.0,0.40370432284629887,0.0,0.0,0.2620094716834915,0,1,1,0,0,610
0.0,0.6931471805599453,0.3952768332243418,0.11778303565638346,0.6061358035703156,0.05925402134279556,0,1,1,0,0,611
0.0,0.6931471805599453,0.31329174258271597,0.0,0.0,0.01366686504595389,1,0,1,0,0,612
0.6931471805599453,0.6931471805599453,0.31329174258271597,0.11778303565638346,0.0,0.029805359351605623,0,1,0,0,1,613
0.0,0.6931471805599453,0.31329174258271597,0.0,0.0,0.015013720496480469,1,0,0,0,1,614
0.0,0.6931471805599453,0.3608381681697983,0.0,0.0,0.015590389411477197,1,0,1,0,0,615
0.6931471805599453,0.4054651081081644,0.2595183760143615,0.11778303565638346,0.28768207245178085,0.11944525390163245,0,1,1,0,0,616
0.0,0.6931471805599453,0.3520399414345839,0.11778303565638346,0.15415067982725836,0.027719177308112075,1,0,1,0,0,617
0.0,0.6931471805599453,0.27872019486289784,0.11778303565638346,0.0,0.030941445113450518,0,1,1,0,0,618
0.6931471805599453,0.4054651081081644,0.044003657991029586,0.22314355131420976,0.15415067982725836,0.0733647027367378,0,1,1,0,0,619
0.0,0.4054651081081644,0.27872019486289784,0.0,0.0,0.02028744611537874,1,0,1,0,0,620
0.0,0.6931471805599453,0.28818458502516947,0.11778303565638346,0.0,0.02782207118911138,1,0,0,1,0,621
0.6931471805599453,0.0,0.420349181160254,0.11778303565638346,0.0,0.09765195099379798,1,0,1,0,0,622
0.6931471805599453,0.6931471805599453,0.21997190216820725,0.11778303565638346,0.15415067982725836,0.03026316782083762,1,0,0,1,0,623
0.0,0.6931471805599453,0.23000610235300573,0.0,0.0,0.015214054528192307,1,0,1,0,0,624
0.0,0.6931471805599453,0.23000610235300573,0.0,0.0,0.030941445113450518,1,0,1,0,0,625
0.0,0.0,0.5660218221892988,0.0,0.0,0.0611759993547931,1,0,1,0,0,626
0.0,0.4054651081081644,0.5370678598262815,0.0,0.0,0.023819641033232825,1,0,0,0,1,627
0.6931471805599453,0.0,0.23000610235300573,0.0,0.0,0.1416423191753882,0,1,1,0,0,628
0.0,0.6931471805599453,0.27872019486289784,0.0,0.0,0.015294023125182035,1,0,1,0,0,629
0.0,0.6931471805599453,0.31329174258271597,0.0,0.0,0.01498160948698724,1,0,0,0,1,630
0.6931471805599453,0.0,0.6931471805599453,0.0,0.0,0.05690580995916426,1,0,1,0,0,631
0.0,0.6931471805599453,0.4920016579119998,0.0,0.0,0.013674951590463733,1,0,1,0,0,632
0.6931471805599453,0.0,0.33420779987552035,0.0,0.0,0.05782733447647642,1,0,0,1,0,633
0.0,0.0,0.31329174258271597,0.0,0.0,0.0,1,0,1,0,0,634
0.0,0.6931471805599453,0.10239054040582178,0.3184537311185346,0.28768207245178085,0.05302610677804016,0,1,1,0,0,635
0.6931471805599453,0.4054651081081644,0.2975602396776254,0.0,0.0,0.025057726524795907,0,1,1,0,0,636
0.0,0.6931471805599453,0.33420779987552035,0.0,0.0,0.015350151109302577,1,0,1,0,0,637
0.0,0.4054651081081644,0.3251710494216168,0.11778303565638346,0.15415067982725836,0.049967173817197445,1,0,1,0,0,638
0.0,0.6931471805599453,0.412061383017042,0.0,0.6061358035703156,0.07461091226899073,0,1,1,0,0,639
0.0,0.6931471805599453,0.31329174258271597,0.11778303565638346,0.0,0.030941445113450518,1,0,1,0,0,640
0.0,0.6931471805599453,0.21997190216820725,0.0,0.0,0.015214054528192307,1,0,1,0,0,641
0.6931471805599453,0.0,0.2595183760143615,0.0,0.0,0.12686574411272555,0,1,0,1,0,642
0.0,0.6931471805599453,0.019659709958831317,0.3184537311185346,0.28768207245178085,0.05302610677804016,0,1,1,0,0,643
0.6931471805599453,0.6931471805599453,0.31329174258271597,0.0,0.0,0.10460544252952911,1,0,1,0,0,644
0.6931471805599453,0.6931471805599453,0.004138196387588744,0.22314355131420976,0.15415067982725836,0.03690042546873154,0,1,0,1,0,645
0.6931471805599453,0.0,0.46868333104381926,0.11778303565638346,0.0,0.1395579426663449,1,0,0,1,0,646
0.0,0.6931471805599453,0.20983599540387343,0.0,0.0,0.015294023125182035,1,0,1,0,0,647
0.6931471805599453,0.0,0.5296964568473066,0.0,0.0,0.06699617236029527,1,0,0,1,0,648
0.0,0.6931471805599453,0.31329174258271597,0.0,0.0,0.014629089721892339,1,0,1,0,0,649
0.6931471805599453,0.6931471805599453,0.24977740672550128,0.0,0.0,0.014629089721892339,0,1,1,0,0,650
0.0,0.6931471805599453,0.31329174258271597,0.0,0.0,0.015294023125182035,1,0,1,0,0,651
0.6931471805599453,0.4054651081081644,0.19959629913518914,0.0,0.15415067982725836,0.04391449758905135,0,1,1,0,0,652
0.0,0.6931471805599453,0.23000610235300573,0.0,0.0,0.01632669651994691,1,0,1,0,0,653
0.6931471805599453,0.6931471805599453,0.31329174258271597,0.0,0.0,0.015165993400580561,0,1,0,0,1,654
0.0,0.6931471805599453,0.19959629913518914,0.0,0.0,0.013089085505924586,0,1,0,0,1,655
0.0,0.4054651081081644,0.2595183760143615,0.22314355131420976,0.0,0.1340608923416297,1,0,1,0,0,656
0.0,0.6931471805599453,0.31329174258271597,0.0,0.0,0.015294023125182035,1,0,1,0,0,657
0.0,0.6931471805599453,0.33420779987552035,0.11778303565638346,0.15415067982725836,0.029805359351605623,0,1,0,0,1,658
0.0,0.4054651081081644,0.24977740672550128,0.0,0.0,0.025057726524795907,1,0,1,0,0,659
0.0,0.0,0.544385322595937,0.0,0.28768207245178085,0.1997505155898914,1,0,0,1,0,660
0.6931471805599453,0.0,0.4842891408912918,0.22314355131420976,0.0,0.23179991794815435,1,0,1,0,0,661
0.0,0.6931471805599453,0.40370432284629887,0.0,0.0,0.014003749011095652,1,0,0,1,0,662
0.0,0.0,0.46078813765600035,0.0,0.0,0.04873632828654634,1,0,1,0,0,663
0.0,0.6931471805599453,0.3695596607451925,0.0,0.0,0.014524829298496697,1,0,1,0,0,664
0.6931471805599453,0.6931471805599453,0.21997190216820725,0.11778303565638346,0.0,0.015350151109302577,1,0,1,0,0,665
0.0,0.4054651081081644,0.33420779987552035,0.22314355131420976,0.0,0.1340608923416297,1,0,1,0,0,666
0.0,0.4054651081081644,0.26916537346147645,0.0,0.0,0.025057726524795907,1,0,1,0,0,667
0.0,0.6931471805599453,0.31329174258271597,0.0,0.0,0.015061788942881014,1,0,1,0,0,668
0.0,0.6931471805599453,0.42856885591159444,0.0,0.0,0.015590389411477197,1,0,1,0,0,669
0.6931471805599453,0.0,0.31329174258271597,0.11778303565638346,0.0,0.09667038198810923,0,1,1,0,0,670
0.6931471805599453,0.4054651081081644,0.40370432284629887,0.11778303565638346,0.15415067982725836,0.0733647027367378,0,1,1,0,0,671
0.0,0.0,0.3251710494216168,0.11778303565638346,0.0,0.09667038198810923,1,0,1,0,0,672
0.0,0.4054651081081644,0.6282567503118375,0.0,0.0,0.02028744611537874,1,0,1,0,0,673
0.6931471805599453,0.4054651081081644,0.3251710494216168,0.0,0.0,0.025057726524795907,1,0,1,0,0,674
0.0,0.4054651081081644,0.31329174258271597,0.0,0.0,0.0,1,0,1,0,0,675
0.0,0.6931471805599453,0.19959629913518914,0.0,0.0,0.015061788942881014,1,0,1,0,0,676
0.0,0.6931471805599453,0.2643535077627779,0.0,0.0,0.015590389411477197,1,0,1,0,0,677
0.6931471805599453,0.6931471805599453,0.19959629913518914,0.0,0.0,0.019027541763063517,0,1,1,0,0,678
0.0,0.6931471805599453,0.42856885591159444,0.11778303565638346,0.6931471805599453,0.08759201983616036,0,1,1,0,0,679
0.6931471805599453,0.0,0.3695596607451925,0.0,0.15415067982725836,0.6931471805599453,1,0,0,1,0,680
0.0,0.6931471805599453,0.31329174258271597,0.0,0.0,0.015758521889505304,0,1,0,0,1,681
0.6931471805599453,0.0,0.28818458502516947,0.0,0.0,0.1395579426663449,1,0,0,1,0,682
0.0,0.6931471805599453,0.21997190216820725,0.0,0.0,0.017845812835077288,1,0,1,0,0,683
0.0,0.6931471805599453,0.1575556400173577,0.4855078157817008,0.28768207245178085,0.08759201983616036,1,0,1,0,0,684
0.0,0.4054651081081644,0.5588615452849587,0.11778303565638346,0.15415067982725836,0.0733647027367378,1,0,1,0,0,685
0.0,0.4054651081081644,0.26916537346147645,0.11778303565638346,0.28768207245178085,0.07803194294267958,1,0,0,1,0,686
0.0,0.6931471805599453,0.1575556400173577,0.4054651081081644,0.15415067982725836,0.07461091226899073,1,0,1,0,0,687
0.0,0.6931471805599453,0.20983599540387343,0.0,0.0,0.019657596665304727,1,0,1,0,0,688
0.0,0.6931471805599453,0.19959629913518914,0.0,0.0,0.01510178012944407,1,0,1,0,0,689
0.6931471805599453,0.0,0.16823265795323875,0.0,0.15415067982725836,0.3453635400982424,0,1,1,0,0,690
0.6931471805599453,0.0,0.3251710494216168,0.11778303565638346,0.0,0.10549143852722889,1,0,1,0,0,691
0.6931471805599453,0.6931471805599453,0.044003657991029586,0.0,0.15415067982725836,0.025850628995478204,0,1,0,1,0,692
0.6931471805599453,0.6931471805599453,0.31329174258271597,0.0,0.0,0.10460544252952911,1,0,1,0,0,693
0.0,0.6931471805599453,0.26916537346147645,0.0,0.0,0.014003749011095652,1,0,0,1,0,694
0.0,0.0,0.5588615452849587,0.0,0.0,0.0505240398785738,1,0,1,0,0,695
0.0,0.4054651081081644,0.49965514697766494,0.0,0.0,0.026009058003875797,1,0,1,0,0,696
0.0,0.6931471805599453,0.4367215180575171,0.0,0.0,0.015590389411477197,1,0,1,0,0,697
0.6931471805599453,0.6931471805599453,0.31329174258271597,0.0,0.0,0.01498160948698724,0,1,0,0,1,698
0.0,0.0,0.4765166783212666,0.11778303565638346,0.15415067982725836,0.19592016494808995,1,0,0,1,0,699
0.0,0.6931471805599453,0.420349181160254,0.0,0.0,0.014821423601790385,1,0,1,0,0,700
0.6931471805599453,0.0,0.19959629913518914,0.11778303565638346,0.0,0.3674857525851526,0,1,0,1,0,701
0.6931471805599453,0.0,0.3608381681697983,0.0,0.0,0.05003679903581385,1,0,1,0,0,702
0.0,0.6931471805599453,0.19959629913518914,0.0,0.15415067982725836,0.02782207118911138,0,1,0,1,0,703
0.0,0.6931471805599453,0.26916537346147645,0.0,0.0,0.01499776126136579,1,0,0,0,1,704
0.0,0.6931471805599453,0.27872019486289784,0.11778303565638346,0.0,0.015214054528192307,1,0,1,0,0,705
0.0,0.4054651081081644,0.3952768332243418,0.0,0.0,0.04950288176693388,1,0,1,0,0,706
0.6931471805599453,0.4054651081081644,0.444808251436126,0.0,0.0,0.026009058003875797,0,1,1,0,0,707
0.6931471805599453,0.0,0.420349181160254,0.0,0.0,0.05003679903581385,1,0,1,0,0,708
0.6931471805599453,0.0,0.2399406168029818,0.0,0.0,0.2591328180410758,0,1,1,0,0,709
0.6931471805599453,0.6931471805599453,0.31329174258271597,0.11778303565638346,0.15415067982725836,0.029323648164715232,1,0,0,1,0,710
0.6931471805599453,0.0,0.2595183760143615,0.0,0.0,0.09223797749148892,0,1,0,1,0,711
0.0,0.0,0.31329174258271597,0.0,0.0,0.0505240398785738,1,0,1,0,0,712
0.6931471805599453,0.0,0.46868333104381926,0.11778303565638346,0.0,0.09667038198810923,1,0,1,0,0,713
0.0,0.6931471805599453,0.30684880729587144,0.0,0.0,0.018340940780557983,1,0,1,0,0,714
0.0,0.4054651081081644,0.49965514697766494,0.0,0.0,0.025057726524795907,1,0,1,0,0,715
0.0,0.6931471805599453,0.20983599540387343,0.0,0.0,0.014821423601790385,1,0,1,0,0,716
0.6931471805599453,0.0,0.3867777169607502,0.0,0.0,0.3674857525851526,0,1,0,1,0,717
0.6931471805599453,0.4054651081081644,0.28818458502516947,0.0,0.0,0.02028744611537874,0,1,1,0,0,718
0.0,0.6931471805599453,0.31329174258271597,0.0,0.0,0.029805359351605623,1,0,0,0,1,719
0.0,0.6931471805599453,0.3431636182874974,0.0,0.0,0.015061788942881014,1,0,1,0,0,720
0.6931471805599453,0.4054651081081644,0.06776903502649623,0.0,0.15415067982725836,0.06242226183009436,0,1,1,0,0,721
0.0,0.6931471805599453,0.1892506657881148,0.11778303565638346,0.0,0.013674951590463733,1,0,1,0,0,722
0.0,0.4054651081081644,0.3520399414345839,0.0,0.0,0.025057726524795907,1,0,1,0,0,723
0.0,0.4054651081081644,0.4842891408912918,0.0,0.0,0.025057726524795907,1,0,1,0,0,724
0.6931471805599453,0.0,0.28818458502516947,0.11778303565638346,0.0,0.09861770160548049,1,0,1,0,0,725
0.0,0.6931471805599453,0.21997190216820725,0.0,0.0,0.016766723550696125,1,0,1,0,0,726
0.6931471805599453,0.4054651081081644,0.31605189084135504,0.3184537311185346,0.0,0.04017148235607018,0,1,1,0,0,727
0.6931471805599453,0.6931471805599453,0.31329174258271597,0.0,0.0,0.014989685406786492,0,1,0,0,1,728
0.0,0.4054651081081644,0.26916537346147645,0.11778303565638346,0.0,0.04950288176693388,1,0,1,0,0,729
0.0,0.6931471805599453,0.26916537346147645,0.11778303565638346,0.0,0.015350151109302577,0,1,1,0,0,730
0.6931471805599453,0.0,0.30684880729587144,0.0,0.0,0.3453635400982424,0,1,1,0,0,731
0.0,0.6931471805599453,0.12482306473273837,0.0,0.0,0.03601438393280675,1,0,0,1,0,732
0.0,0.4054651081081644,0.31329174258271597,0.0,0.0,0.0,1,0,1,0,0,733
0.0,0.4054651081081644,0.24977740672550128,0.0,0.0,0.025057726524795907,1,0,1,0,0,734
0.0,0.4054651081081644,0.24977740672550128,0.0,0.0,0.025057726524795907,1,0,1,0,0,735
0.0,0.6931471805599453,0.3022153081340286,0.0,0.0,0.030941445113450518,1,0,1,0,0,736
0.0,0.6931471805599453,0.46868333104381926,0.11778303565638346,0.4054651081081644,0.06494050115616902,0,1,1,0,0,737
0.6931471805599453,0.0,0.3608381681697983,0.0,0.0,0.6931471805599453,1,0,0,1,0,738
0.0,0.6931471805599453,0.31329174258271597,0.0,0.0,0.015294023125182035,1,0,1,0,0,739
0.0,0.6931471805599453,0.31329174258271597,0.0,0.0,0.015294023125182035,1,0,1,0,0,740
0.6931471805599453,0.0,0.31329174258271597,0.0,0.0,0.05690580995916426,1,0,1,0,0,741
0.0,0.0,0.3695596607451925,0.11778303565638346,0.0,0.14315179916210935,1,0,1,0,0,742
0.6931471805599453,0.0,0.23000610235300573,0.22314355131420976,0.28768207245178085,0.4135138919029652,0,1,0,1,0,743
0.0,0.6931471805599453,0.2595183760143615,0.11778303565638346,0.0,0.030941445113450518,1,0,1,0,0,744
0.6931471805599453,0.6931471805599453,0.3251710494216168,0.0,0.0,0.015350151109302577,1,0,1,0,0,745
0.0,0.0,0.6282567503118375,0.11778303565638346,0.15415067982725836,0.12978430533639912,1,0,1,0,0,746
0.0,0.6931471805599453,0.17879688043597444,0.11778303565638346,0.15415067982725836,0.03876423174471904,1,0,1,0,0,747
0.6931471805599453,0.4054651081081644,0.31605189084135504,0.0,0.0,0.025057726524795907,0,1,1,0,0,748
0.0,0.0,0.20983599540387343,0.11778303565638346,0.0,0.09861770160548049,1,0,1,0,0,749
0.0,0.6931471805599453,0.3251710494216168,0.0,0.0,0.015013720496480469,1,0,0,0,1,750
0.6931471805599453,0.4054651081081644,0.044003657991029586,0.11778303565638346,0.15415067982725836,0.04391449758905135,0,1,1,0,0,751
0.6931471805599453,0.6931471805599453,0.06776903502649623,0.0,0.15415067982725836,0.02405785347297414,1,0,1,0,0,752
0.0,0.6931471805599453,0.3431636182874974,0.0,0.0,0.018372944101240508,1,0,1,0,0,753
0.0,0.6931471805599453,0.24977740672550128,0.0,0.0,0.015294023125182035,1,0,1,0,0,754
0.6931471805599453,0.4054651081081644,0.46868333104381926,0.11778303565638346,0.28768207245178085,0.11944525390163245,0,1,1,0,0,755
0.6931471805599453,0.4054651081081644,0.0031365686589248823,0.11778303565638346,0.15415067982725836,0.027909010164649164,1,0,1,0,0,756
0.0,0.6931471805599453,0.2975602396776254,0.0,0.0,0.01510178012944407,1,0,1,0,0,757
0.0,0.4054651081081644,0.19959629913518914,0.0,0.0,0.022198289814291207,1,0,1,0,0,758
0.0,0.6931471805599453,0.3520399414345839,0.0,0.0,0.015590389411477197,1,0,1,0,0,759
0.6931471805599453,0.0,0.3431636182874974,0.0,0.0,0.156009028377934,0,1,1,0,0,760
0.0,0.6931471805599453,0.31329174258271597,0.0,0.0,0.027909010164649164,1,0,1,0,0,761
0.0,0.6931471805599453,0.412061383017042,0.0,0.0,0.013811257785213759,1,0,1,0,0,762
0.6931471805599453,0.6931471805599453,0.21997190216820725,0.0,0.0,0.014011832831848146,1,0,0,1,0,763
0.6931471805599453,0.0,0.3695596607451925,0.11778303565638346,0.28768207245178085,0.21044275743508425,0,1,1,0,0,764
0.0,0.6931471805599453,0.17879688043597444,0.0,0.0,0.015061788942881014,1,0,1,0,0,765
0.6931471805599453,0.0,0.4920016579119998,0.11778303565638346,0.0,0.1416423191753882,0,1,1,0,0,766
0.0,0.0,0.31329174258271597,0.0,0.0,0.07445239000774008,1,0,0,1,0,767
0.0,0.6931471805599453,0.3206218649771198,0.0,0.0,0.015013720496480469,0,1,0,0,1,768
0.0,0.6931471805599453,0.31329174258271597,0.11778303565638346,0.0,0.04606040434123649,1,0,0,0,1,769
0.0,0.6931471805599453,0.33420779987552035,0.0,0.0,0.016190732787486905,1,0,1,0,0,770
0.0,0.6931471805599453,0.2595183760143615,0.0,0.0,0.018372944101240508,1,0,1,0,0,771
0.0,0.6931471805599453,0.46868333104381926,0.0,0.0,0.015214054528192307,1,0,1,0,0,772
0.0,0.4054651081081644,0.5370678598262815,0.0,0.0,0.02028744611537874,0,1,1,0,0,773
0.0,0.6931471805599453,0.31329174258271597,0.0,0.0,0.014003749011095652,1,0,0,1,0,774
0.6931471805599453,0.4054651081081644,0.5147886077080417,0.11778303565638346,0.4054651081081644,0.04391449758905135,0,1,1,0,0,775
0.0,0.6931471805599453,0.19959629913518914,0.0,0.0,0.015013720496480469,1,0,1,0,0,776
0.0,0.6931471805599453,0.31329174258271597,0.0,0.0,0.015013720496480469,1,0,0,0,1,777
0.6931471805599453,0.6931471805599453,0.05595694399061719,0.0,0.0,0.02405785347297414,0,1,1,0,0,778
0.0,0.6931471805599453,0.31329174258271597,0.0,0.0,0.014989685406786492,1,0,0,0,1,779
0.6931471805599453,0.0,0.42856885591159444,0.0,0.15415067982725836,0.3453635400982424,0,1,1,0,0,780
0.6931471805599453,0.6931471805599453,0.1467633919487985,0.0,0.0,0.014011832831848146,0,1,0,1,0,781
0.6931471805599453,0.0,0.1892506657881148,0.11778303565638346,0.0,0.10549143852722889,0,1,1,0,0,782
0.0,0.0,0.30684880729587144,0.0,0.0,0.05690580995916426,1,0,1,0,0,783
0.0,0.6931471805599453,0.31329174258271597,0.11778303565638346,0.28768207245178085,0.04475474872791982,1,0,1,0,0,784
0.0,0.6931471805599453,0.26916537346147645,0.0,0.0,0.01366686504595389,1,0,1,0,0,785
0.0,0.6931471805599453,0.26916537346147645,0.0,0.0,0.01405186602861203,1,0,1,0,0,786
0.6931471805599453,0.6931471805599453,0.19959629913518914,0.0,0.0,0.014524829298496697,0,1,1,0,0,787
0.0,0.6931471805599453,0.0909827050776365,0.4054651081081644,0.15415067982725836,0.0552910958195755,1,0,0,0,1,788
0.6931471805599453,0.6931471805599453,0.007261832337772165,0.11778303565638346,0.28768207245178085,0.03937428350165768,1,0,1,0,0,789
0.0,0.0,0.4528301138018988,0.0,0.0,0.1437436610449152,1,0,0,1,0,790
0.0,0.6931471805599453,0.31329174258271597,0.0,0.0,0.015013720496480469,1,0,0,0,1,791
0.0,0.4054651081081644,0.17879688043597444,0.0,0.0,0.04950288176693388,1,0,1,0,0,792
0.0,0.6931471805599453,0.31329174258271597,0.6931471805599453,0.28768207245178085,0.12729547887673306,0,1,1,0,0,793
0.0,0.0,0.31329174258271597,0.0,0.0,0.058187972216095916,1,0,0,1,0,794
0.0,0.6931471805599453,0.26916537346147645,0.0,0.0,0.015294023125182035,1,0,1,0,0,795
0.0,0.4054651081081644,0.3952768332243418,0.0,0.0,0.025057726524795907,1,0,1,0,0,796
0.6931471805599453,0.0,0.4765166783212666,0.0,0.0,0.04937135508001668,0,1,1,0,0,797
0.6931471805599453,0.6931471805599453,0.3251710494216168,0.0,0.0,0.016806646614351262,0,1,1,0,0,798
0.0,0.6931471805599453,0.31605189084135504,0.0,0.0,0.014011832831848146,1,0,0,1,0,799
0.0,0.6931471805599453,0.31605189084135504,0.11778303565638346,0.15415067982725836,0.04606040434123649,0,1,1,0,0,800
0.0,0.4054651081081644,0.3520399414345839,0.0,0.0,0.025057726524795907,1,0,1,0,0,801
0.6931471805599453,0.4054651081081644,0.3251710494216168,0.11778303565638346,0.15415067982725836,0.049967173817197445,0,1,1,0,0,802
0.6931471805599453,0.0,0.12482306473273837,0.11778303565638346,0.28768207245178085,0.21044275743508425,1,0,1,0,0,803
0.6931471805599453,0.6931471805599453,0.0,0.0,0.15415067982725836,0.016486833477710024,1,0,0,1,0,804
0.6931471805599453,0.6931471805599453,0.28818458502516947,0.0,0.0,0.013522451454419918,1,0,1,0,0,805
0.0,0.6931471805599453,0.3251710494216168,0.0,0.0,0.015061788942881014,1,0,1,0,0,806
0.0,0.0,0.3952768332243418,0.0,0.0,0.0,1,0,1,0,0,807
0.0,0.6931471805599453,0.19959629913518914,0.0,0.0,0.015061788942881014,0,1,1,0,0,808
0.0,0.4054651081081644,0.3952768332243418,0.0,0.0,0.025057726524795907,1,0,1,0,0,809
0.6931471805599453,0.0,0.3431636182874974,0.11778303565638346,0.0,0.09861770160548049,0,1,1,0,0,810
0.0,0.6931471805599453,0.27872019486289784,0.0,0.0,0.015278068362891696,1,0,1,0,0,811
0.0,0.6931471805599453,0.3952768332243418,0.0,0.0,0.04606040434123649,1,0,1,0,0,812
0.0,0.4054651081081644,0.3608381681697983,0.0,0.0,0.02028744611537874,1,0,1,0,0,813
0.0,0.6931471805599453,0.06776903502649623,0.4054651081081644,0.28768207245178085,0.05925402134279556,0,1,1,0,0,814
0.0,0.6931471805599453,0.3206218649771198,0.0,0.0,0.015590389411477197,1,0,1,0,0,815
0.0,0.0,0.31329174258271597,0.0,0.0,0.0,1,0,1,0,0,816
0.0,0.6931471805599453,0.24977740672550128,0.0,0.0,0.015350151109302577,0,1,1,0,0,817
0.0,0.4054651081081644,0.3251710494216168,0.11778303565638346,0.15415067982725836,0.06973815598686196,1,0,0,1,0,818
0.0,0.6931471805599453,0.42856885591159444,0.0,0.0,0.012510971943698136,1,0,1,0,0,819
0.0,0.6931471805599453,0.11366970351888557,0.3184537311185346,0.28768207245178085,0.05302610677804016,1,0,1,0,0,820
0.6931471805599453,0.0,0.49965514697766494,0.11778303565638346,0.15415067982725836,0.1676307109841702,0,1,1,0,0,821
0.6931471805599453,0.6931471805599453,0.28818458502516947,0.0,0.0,0.016766723550696125,1,0,1,0,0,822
0.0,0.0,0.3867777169607502,0.0,0.0,0.0,1,0,1,0,0,823
0.6931471805599453,0.6931471805599453,0.28818458502516947,0.0,0.15415067982725836,0.02405785347297414,0,1,1,0,0,824
0.0,0.6931471805599453,0.019659709958831317,0.4054651081081644,0.15415067982725836,0.07461091226899073,1,0,1,0,0,825
0.0,0.6931471805599453,0.31329174258271597,0.0,0.0,0.013474308955695534,1,0,0,0,1,826
0.0,0.6931471805599453,0.31329174258271597,0.0,0.0,0.10460544252952911,1,0,1,0,0,827
0.6931471805599453,0.4054651081081644,0.007261832337772165,0.0,0.28768207245178085,0.06973815598686196,1,0,0,1,0,828
0.6931471805599453,0.6931471805599453,0.31329174258271597,0.0,0.0,0.015013720496480469,1,0,0,0,1,829
0.6931471805599453,0.0,0.5731311938082868,0.0,0.0,0.1450951742356354,0,1,1,0,0,830
0.6931471805599453,0.6931471805599453,0.16823265795323875,0.11778303565638346,0.0,0.02782207118911138,0,1,0,1,0,831
0.6931471805599453,0.4054651081081644,0.005138821861947991,0.11778303565638346,0.15415067982725836,0.035943775488515954,1,0,1,0,0,832
0.0,0.6931471805599453,0.31329174258271597,0.0,0.0,0.014011832831848146,1,0,0,1,0,833
0.0,0.6931471805599453,0.24977740672550128,0.0,0.0,0.015214054528192307,1,0,1,0,0,834
0.0,0.6931471805599453,0.19959629913518914,0.0,0.0,0.016070692941796676,1,0,1,0,0,835
0.6931471805599453,0.0,0.3952768332243418,0.11778303565638346,0.15415067982725836,0.15041301063732052,0,1,0,1,0,836
0.0,0.6931471805599453,0.23000610235300573,0.0,0.0,0.016766723550696125,1,0,1,0,0,837
0.0,0.6931471805599453,0.31329174258271597,0.0,0.0,0.015590389411477197,1,0,1,0,0,838
0.6931471805599453,0.6931471805599453,0.33420779987552035,0.0,0.0,0.10460544252952911,1,0,1,0,0,839
0.6931471805599453,0.0,0.31329174258271597,0.0,0.0,0.05635248735354936,1,0,0,1,0,840
0.0,0.6931471805599453,0.21997190216820725,0.0,0.0,0.015350151109302577,1,0,1,0,0,841
0.0,0.4054651081081644,0.17879688043597444,0.0,0.0,0.02028744611537874,1,0,1,0,0,842
0.6931471805599453,0.0,0.31605189084135504,0.0,0.0,0.058748010568137624,0,1,0,1,0,843
0.0,0.6931471805599453,0.35644873087019285,0.0,0.0,0.012486876624154849,1,0,0,1,0,844
0.0,0.6931471805599453,0.1892506657881148,0.0,0.0,0.016766723550696125,1,0,1,0,0,845
0.0,0.6931471805599453,0.420349181160254,0.0,0.0,0.014629089721892339,1,0,1,0,0,846
0.0,0.6931471805599453,0.31329174258271597,0.6931471805599453,0.28768207245178085,0.12729547887673306,1,0,1,0,0,847
0.0,0.6931471805599453,0.3608381681697983,0.0,0.0,0.015294023125182035,1,0,0,1,0,848
0.0,0.4054651081081644,0.2975602396776254,0.0,0.15415067982725836,0.06242226183009436,1,0,1,0,0,849
0.6931471805599453,0.0,0.31329174258271597,0.11778303565638346,0.0,0.16034841891878718,0,1,0,1,0,850
0.0,0.6931471805599453,0.044003657991029586,0.4054651081081644,0.28768207245178085,0.05925402134279556,1,0,1,0,0,851
0.0,0.6931471805599453,0.6547203216103112,0.0,0.0,0.015061788942881014,1,0,1,0,0,852
0.0,0.6931471805599453,0.10239054040582178,0.11778303565638346,0.15415067982725836,0.029323648164715232,0,1,0,1,0,853
0.6931471805599453,0.0,0.17879688043597444,0.0,0.15415067982725836,0.07408995901969287,0,1,1,0,0,854
0.0,0.4054651081081644,0.4367215180575171,0.11778303565638346,0.0,0.04950288176693388,0,1,1,0,0,855
0.6931471805599453,0.6931471805599453,0.19959629913518914,0.0,0.15415067982725836,0.018085452402978815,0,1,1,0,0,856
0.6931471805599453,0.0,0.444808251436126,0.11778303565638346,0.15415067982725836,0.2789932087255855,0,1,1,0,0,857
0.6931471805599453,0.0,0.4920016579119998,0.0,0.0,0.0505240398785738,1,0,1,0,0,858
0.6931471805599453,0.6931471805599453,0.2595183760143615,0.0,0.4054651081081644,0.03690042546873154,0,1,0,1,0,859
0.0,0.6931471805599453,0.31329174258271597,0.0,0.0,0.014011832831848146,1,0,0,1,0,860
0.0,0.6931471805599453,0.412061383017042,0.22314355131420976,0.0,0.027165228901921055,1,0,1,0,0,861
0.0,0.4054651081081644,0.23000610235300573,0.11778303565638346,0.0,0.022198289814291207,1,0,1,0,0,862
0.6931471805599453,0.0,0.46868333104381926,0.0,0.0,0.04937135508001668,0,1,1,0,0,863
0.0,0.6931471805599453,0.31329174258271597,0.6931471805599453,0.28768207245178085,0.12729547887673306,0,1,1,0,0,864
0.0,0.4054651081081644,0.2595183760143615,0.0,0.0,0.025057726524795907,1,0,1,0,0,865
0.6931471805599453,0.4054651081081644,0.420349181160254,0.0,0.0,0.025057726524795907,0,1,1,0,0,866
0.6931471805599453,0.4054651081081644,0.28818458502516947,0.11778303565638346,0.0,0.026690225924221475,0,1,0,1,0,867
0.0,0.0,0.3251710494216168,0.0,0.0,0.09400135783337625,1,0,1,0,0,868
0.0,0.6931471805599453,0.31329174258271597,0.0,0.0,0.018372944101240508,1,0,1,0,0,869
0.6931471805599453,0.6931471805599453,0.044003657991029586,0.11778303565638346,0.15415067982725836,0.021498007333324947,1,0,1,0,0,870
0.0,0.6931471805599453,0.27872019486289784,0.0,0.0,0.015294023125182035,1,0,1,0,0,871
0.6931471805599453,0.0,0.46078813765600035,0.11778303565638346,0.15415067982725836,0.09765195099379798,0,1,1,0,0,872
0.0,0.0,0.3431636182874974,0.0,0.0,0.009712035178753613,1,0,1,0,0,873
0.0,0.6931471805599453,0.46078813765600035,0.0,0.0,0.017414316843308762,1,0,1,0,0,874
0.6931471805599453,0.4054651081081644,0.2975602396776254,0.11778303565638346,0.0,0.04578076447082253,0,1,0,1,0,875
0.6931471805599453,0.6931471805599453,0.16823265795323875,0.0,0.0,0.014003749011095652,0,1,0,1,0,876
0.0,0.6931471805599453,0.21997190216820725,0.0,0.0,0.019035393567719553,1,0,1,0,0,877
0.0,0.6931471805599453,0.20983599540387343,0.0,0.0,0.015294023125182035,1,0,1,0,0,878
0.0,0.6931471805599453,0.31329174258271597,0.0,0.0,0.015294023125182035,1,0,1,0,0,879
0.6931471805599453,0.0,0.5296964568473066,0.0,0.15415067982725836,0.15041301063732052,0,1,0,1,0,880
0.6931471805599453,0.4054651081081644,0.26916537346147645,0.0,0.15415067982725836,0.04950288176693388,0,1,1,0,0,881
0.0,0.6931471805599453,0.3431636182874974,0.0,0.0,0.015294023125182035,1,0,1,0,0,882
0.0,0.6931471805599453,0.2399406168029818,0.0,0.0,0.020319387203009822,0,1,1,0,0,883
0.0,0.4054651081081644,0.2975602396776254,0.0,0.0,0.02028744611537874,1,0,1,0,0,884
0.0,0.6931471805599453,0.26916537346147645,0.0,0.0,0.01366686504595389,1,0,1,0,0,885
0.0,0.6931471805599453,0.3952768332243418,0.0,0.6061358035703156,0.0552910958195755,0,1,0,0,1,886
0.0,0.4054651081081644,0.28818458502516947,0.0,0.0,0.025057726524795907,1,0,1,0,0,887
0.6931471805599453,0.0,0.20983599540387343,0.0,0.0,0.05690580995916426,0,1,1,0,0,888
0.0,0.6931471805599453,0.31329174258271597,0.11778303565638346,0.28768207245178085,0.04475474872791982,0,1,1,0,0,889
0.6931471805599453,0.0,0.27872019486289784,0.0,0.0,0.05690580995916426,1,0,0,1,0,890
0.0,0.6931471805599453,0.33420779987552035,0.0,0.0,0.015013720496480469,1,0,0,0,1,891
