Pclass,Age,SibSp,Parch,Fare,Sex_male,Sex_female,Embarked_S,Embarked_C,Embarked_Q,Survived
0.6931471805599453,0.2399406168029818,0.11778303565638346,0.0,0.01405186602861203,1,0,1,0,0,0
0.0,0.3867777169607502,0.11778303565638346,0.0,0.13026984802557665,0,1,0,1,0,1
0.6931471805599453,0.27872019486289784,0.0,0.0,0.015350151109302577,0,1,1,0,0,1
0.0,0.3608381681697983,0.11778303565638346,0.0,0.09861770160548049,0,1,1,0,0,1
0.6931471805599453,0.3608381681697983,0.0,0.0,0.015590389411477197,1,0,1,0,0,0
0.6931471805599453,0.31329174258271597,0.0,0.0,0.016374701896558316,1,0,0,0,1,0
0.0,0.5147886077080417,0.0,0.0,0.09642670019066911,1,0,1,0,0,0
0.6931471805599453,0.019659709958831317,0.3184537311185346,0.15415067982725836,0.040312098559000725,1,0,1,0,0,0
0.6931471805599453,0.28818458502516947,0.0,0.28768207245178085,0.021498007333324947,0,1,1,0,0,1
0.4054651081081644,0.1575556400173577,0.11778303565638346,0.0,0.05703634945252453,0,1,0,1,0,1
0.6931471805599453,0.044003657991029586,0.11778303565638346,0.15415067982725836,0.032076241648970306,0,1,1,0,0,1
0.0,0.544385322595937,0.0,0.0,0.0505240398785738,0,1,1,0,0,1
0.6931471805599453,0.21997190216820725,0.0,0.0,0.015590389411477197,1,0,1,0,0,0
0.6931471805599453,0.3952768332243418,0.11778303565638346,0.6061358035703156,0.05925402134279556,1,0,1,0,0,0
0.6931471805599453,0.1575556400173577,0.0,0.0,0.015214054528192307,0,1,1,0,0,0
0.4054651081081644,0.5222703125161708,0.0,0.0,0.03075218709515891,0,1,1,0,0,1
0.6931471805599453,0.019659709958831317,0.4054651081081644,0.15415067982725836,0.0552910958195755,1,0,0,0,1,0
0.4054651081081644,0.31329174258271597,0.0,0.0,0.025057726524795907,1,0,1,0,0,1
0.6931471805599453,0.3251710494216168,0.11778303565638346,0.0,0.0345305586252918,0,1,1,0,0,0
0.6931471805599453,0.31329174258271597,0.0,0.0,0.014003749011095652,0,1,0,1,0,1
0.4054651081081644,0.3608381681697983,0.0,0.0,0.04950288176693388,1,0,1,0,0,0
0.4054651081081644,0.3520399414345839,0.0,0.0,0.025057726524795907,1,0,1,0,0,1
0.6931471805599453,0.16823265795323875,0.0,0.0,0.015550417760596577,0,1,0,0,1,1
0.0,0.2975602396776254,0.0,0.0,0.06699617236029527,1,0,1,0,0,1
0.6931471805599453,0.0909827050776365,0.3184537311185346,0.15415067982725836,0.040312098559000725,0,1,1,0,0,0
0.6931471805599453,0.3867777169607502,0.11778303565638346,0.6061358035703156,0.05946095197459231,0,1,1,0,0,1
0.6931471805599453,0.31329174258271597,0.0,0.0,0.014003749011095652,1,0,0,1,0,0
0.0,0.20983599540387343,0.3184537311185346,0.28768207245178085,0.4143203261822158,1,0,1,0,0,0
0.6931471805599453,0.31329174258271597,0.0,0.0,0.015262113346043075,0,1,0,0,1,1
0.6931471805599453,0.31329174258271597,0.0,0.0,0.015294023125182035,1,0,1,0,0,0
0.0,0.40370432284629887,0.0,0.0,0.052694340690821934,1,0,0,1,0,0
0.0,0.31329174258271597,0.11778303565638346,0.0,0.25152850381759995,0,1,0,1,0,1
0.6931471805599453,0.31329174258271597,0.0,0.0,0.015013720496480469,0,1,0,0,1,1
0.4054651081081644,0.601073777346087,0.0,0.0,0.02028744611537874,1,0,1,0,0,0
0.0,0.2975602396776254,0.11778303565638346,0.0,0.14875332895717522,1,0,0,1,0,0
0.0,0.420349181160254,0.11778303565638346,0.0,0.09667038198810923,1,0,1,0,0,0
0.6931471805599453,0.31329174258271597,0.0,0.0,0.014011832831848146,1,0,0,1,0,1
0.6931471805599453,0.23000610235300573,0.0,0.0,0.015590389411477197,1,0,1,0,0,0
0.6931471805599453,0.19959629913518914,0.22314355131420976,0.0,0.0345305586252918,0,1,1,0,0,0
0.6931471805599453,0.1575556400173577,0.11778303565638346,0.0,0.021705068541472326,0,1,0,1,0,1
0.6931471805599453,0.40370432284629887,0.11778303565638346,0.0,0.018325034557516082,0,1,1,0,0,0
0.4054651081081644,0.28818458502516947,0.11778303565638346,0.0,0.04017148235607018,0,1,1,0,0,0
0.6931471805599453,0.31329174258271597,0.0,0.0,0.015294023125182035,1,0,0,1,0,0
0.4054651081081644,0.03190576062152016,0.11778303565638346,0.28768207245178085,0.07803194294267958,0,1,0,1,0,1
0.6931471805599453,0.20983599540387343,0.0,0.0,0.015262113346043075,0,1,0,0,1,1
0.6931471805599453,0.31329174258271597,0.0,0.0,0.015590389411477197,1,0,1,0,0,0
0.6931471805599453,0.31329174258271597,0.11778303565638346,0.0,0.029805359351605623,1,0,0,0,1,0
0.6931471805599453,0.31329174258271597,0.0,0.0,0.015013720496480469,0,1,0,0,1,1
0.6931471805599453,0.31329174258271597,0.22314355131420976,0.0,0.041444181999891735,1,0,0,1,0,0
0.6931471805599453,0.19959629913518914,0.11778303565638346,0.0,0.03415336324945941,0,1,1,0,0,0
0.6931471805599453,0.07944322784935047,0.4054651081081644,0.15415067982725836,0.07461091226899073,1,0,1,0,0,0
0.6931471805599453,0.23000610235300573,0.0,0.0,0.015109855078817078,1,0,1,0,0,0
0.0,0.4765166783212666,0.11778303565638346,0.0,0.1395579426663449,0,1,0,1,0,1
0.4054651081081644,0.30684880729587144,0.11778303565638346,0.0,0.04950288176693388,0,1,1,0,0,1
0.0,0.5941609888612451,0.0,0.15415067982725836,0.11419914709145168,1,0,0,1,0,0
0.0,0.31329174258271597,0.0,0.0,0.06699617236029527,1,0,1,0,0,1
0.4054651081081644,0.23000610235300573,0.0,0.0,0.02028744611537874,0,1,1,0,0,1
0.6931471805599453,0.3022153081340286,0.0,0.0,0.014011832831848146,1,0,0,1,0,0
0.4054651081081644,0.05595694399061719,0.11778303565638346,0.28768207245178085,0.05274840829682131,0,1,1,0,0,1
0.6931471805599453,0.12482306473273837,0.4855078157817008,0.28768207245178085,0.08759201983616036,1,0,1,0,0,0
0.6931471805599453,0.2399406168029818,0.0,0.0,0.014011832831848146,1,0,0,1,0,0
0.0,0.3867777169607502,0.0,0.0,0.1450951742356354,0,1,1,0,0,1
0.0,0.444808251436126,0.11778303565638346,0.0,0.150944702426092,1,0,1,0,0,0
0.6931471805599453,0.044003657991029586,0.3184537311185346,0.28768207245178085,0.05302610677804016,1,0,1,0,0,0
0.0,0.31329174258271597,0.0,0.0,0.052694340690821934,1,0,0,1,0,0
0.6931471805599453,0.31329174258271597,0.11778303565638346,0.15415067982725836,0.029323648164715232,1,0,0,1,0,1
0.4054651081081644,0.30684880729587144,0.0,0.0,0.02028744611537874,0,1,1,0,0,1
0.6931471805599453,0.20983599540387343,0.0,0.0,0.015798485223152,1,0,1,0,0,0
0.6931471805599453,0.1892506657881148,0.4054651081081644,0.28768207245178085,0.015350151109302577,0,1,1,0,0,1
0.6931471805599453,0.27872019486289784,0.22314355131420976,0.0,0.016766723550696125,1,0,1,0,0,0
0.4054651081081644,0.33420779987552035,0.0,0.0,0.02028744611537874,1,0,1,0,0,0
0.6931471805599453,0.17879688043597444,0.4855078157817008,0.28768207245178085,0.08759201983616036,0,1,1,0,0,0
0.4054651081081644,0.23000610235300573,0.0,0.0,0.1340608923416297,1,0,1,0,0,0
0.6931471805599453,0.27872019486289784,0.11778303565638346,0.0,0.02782207118911138,1,0,0,1,0,0
0.6931471805599453,0.33420779987552035,0.0,0.0,0.10460544252952911,1,0,1,0,0,1
0.6931471805599453,0.26916537346147645,0.0,0.0,0.014821423601790385,1,0,1,0,0,0
0.6931471805599453,0.31329174258271597,0.0,0.0,0.015294023125182035,1,0,1,0,0,0
0.6931471805599453,0.31329174258271597,0.0,0.0,0.015590389411477197,1,0,1,0,0,0
0.4054651081081644,0.005138821861947991,0.0,0.28768207245178085,0.05506020938272152,1,0,1,0,0,1
0.6931471805599453,0.31605189084135504,0.0,0.0,0.02405785347297414,0,1,1,0,0,1
0.6931471805599453,0.2399406168029818,0.0,0.0,0.017414316843308762,1,0,1,0,0,0
0.6931471805599453,0.30684880729587144,0.0,0.0,0.018372944101240508,1,0,1,0,0,1
0.6931471805599453,0.31329174258271597,0.0,0.0,0.015085822299643115,0,1,0,0,1,1
0.0,0.2975602396776254,0.0,0.0,0.08794959101630076,1,0,1,0,0,0
0.4054651081081644,0.1892506657881148,0.0,0.0,0.02028744611537874,0,1,1,0,0,1
0.6931471805599453,0.3431636182874974,0.3184537311185346,0.0,0.0304682328908991,0,1,1,0,0,1
0.6931471805599453,0.17879688043597444,0.11778303565638346,0.4054651081081644,0.06494050115616902,1,0,1,0,0,0
0.6931471805599453,0.31329174258271597,0.0,0.0,0.015590389411477197,1,0,1,0,0,0
0.0,0.24977740672550128,0.3184537311185346,0.28768207245178085,0.4143203261822158,0,1,1,0,0,1
0.6931471805599453,0.2595183760143615,0.0,0.0,0.015590389411477197,1,0,1,0,0,0
0.6931471805599453,0.30684880729587144,0.0,0.0,0.015590389411477197,1,0,1,0,0,0
0.6931471805599453,0.21997190216820725,0.0,0.0,0.015214054528192307,1,0,1,0,0,0
0.0,0.4528301138018988,0.11778303565638346,0.0,0.11279787282143247,1,0,1,0,0,0
0.6931471805599453,0.27872019486289784,0.11778303565638346,0.28768207245178085,0.03937428350165768,1,0,1,0,0,0
0.6931471805599453,0.5516496288396406,0.0,0.0,0.01405186602861203,1,0,1,0,0,0
0.6931471805599453,0.31329174258271597,0.0,0.0,0.015590389411477197,1,0,1,0,0,0
0.0,0.6349385872794708,0.0,0.0,0.06545106743865253,1,0,0,1,0,0
0.0,0.24977740672550128,0.0,0.15415067982725836,0.11659759157479302,1,0,0,1,0,1
0.4054651081081644,0.3520399414345839,0.0,0.15415067982725836,0.04391449758905135,0,1,1,0,0,1
0.4054651081081644,0.3520399414345839,0.11778303565638346,0.0,0.04950288176693388,1,0,1,0,0,0
0.6931471805599453,0.2975602396776254,0.0,0.0,0.015294023125182035,0,1,1,0,0,0
0.6931471805599453,0.31329174258271597,0.0,0.0,0.015294023125182035,1,0,1,0,0,0
0.0,0.23000610235300573,0.0,0.15415067982725836,0.14050527758799308,1,0,1,0,0,0
0.6931471805599453,0.3431636182874974,0.0,0.0,0.0167507922678848,1,0,1,0,0,0
0.6931471805599453,0.37820574607770335,0.22314355131420976,0.0,0.015350151109302577,1,0,1,0,0,0
0.6931471805599453,0.2975602396776254,0.0,0.0,0.015294023125182035,1,0,1,0,0,0
0.6931471805599453,0.23000610235300573,0.0,0.0,0.014821423601790385,0,1,1,0,0,1
0.6931471805599453,0.31329174258271597,0.0,0.0,0.015061788942881014,1,0,1,0,0,1
0.6931471805599453,0.3867777169607502,0.0,0.0,0.015294023125182035,1,0,1,0,0,0
0.6931471805599453,0.31329174258271597,0.11778303565638346,0.0,0.04606040434123649,0,1,0,0,1,1
0.0,0.46078813765600035,0.0,0.0,0.09667038198810923,1,0,1,0,0,0
0.6931471805599453,0.16290839875661306,0.11778303565638346,0.0,0.02782207118911138,0,1,0,1,0,0
0.6931471805599453,0.2399406168029818,0.0,0.0,0.015590389411477197,1,0,1,0,0,0
0.6931471805599453,0.21997190216820725,0.11778303565638346,0.0,0.018995559385159594,0,1,1,0,0,0
0.6931471805599453,0.1892506657881148,0.0,0.0,0.027829854243863684,0,1,0,1,0,0
0.6931471805599453,0.23000610235300573,0.0,0.0,0.015350151109302577,1,0,1,0,0,0
0.6931471805599453,0.6316032496534298,0.0,0.0,0.015013720496480469,1,0,0,0,1,0
0.4054651081081644,0.30684880729587144,0.11778303565638346,0.0,0.04017148235607018,1,0,1,0,0,0
0.0,0.2595183760143615,0.0,0.15415067982725836,0.39415365820595283,1,0,0,1,0,0
0.6931471805599453,0.019659709958831317,0.4054651081081644,0.28768207245178085,0.05925402134279556,0,1,1,0,0,0
0.4054651081081644,0.23000610235300573,0.22314355131420976,0.0,0.1340608923416297,1,0,1,0,0,0
0.6931471805599453,0.31329174258271597,0.0,0.0,0.015590389411477197,1,0,1,0,0,0
0.4054651081081644,0.33869573488343174,0.11778303565638346,0.0,0.05703634945252453,1,0,0,1,0,0
0.4054651081081644,0.33869573488343174,0.0,0.0,0.025057726524795907,0,1,1,0,0,1
0.0,0.5147886077080417,0.0,0.15415067982725836,0.14050527758799308,1,0,1,0,0,0
0.6931471805599453,0.13585339937870086,0.11778303565638346,0.0,0.021705068541472326,1,0,0,1,0,1
0.6931471805599453,0.31329174258271597,0.0,0.0,0.015013720496480469,1,0,0,0,1,0
0.6931471805599453,0.2595183760143615,0.0,0.0,0.013843406397277113,1,0,1,0,0,1
0.6931471805599453,0.31329174258271597,0.11778303565638346,0.15415067982725836,0.0427150769128512,0,1,0,1,0,1
0.6931471805599453,0.444808251436126,0.0,0.0,0.013522451454419918,1,0,1,0,0,0
0.6931471805599453,0.3431636182874974,0.0,0.0,0.015294023125182035,1,0,0,1,0,0
0.6931471805599453,0.21997190216820725,0.0,0.0,0.01366686504595389,1,0,1,0,0,0
0.6931471805599453,0.46078813765600035,0.11778303565638346,0.0,0.027909010164649164,0,1,1,0,0,0
0.4054651081081644,0.30684880729587144,0.11778303565638346,0.0,0.04950288176693388,0,1,1,0,0,1
0.4054651081081644,0.26916537346147645,0.0,0.0,0.025057726524795907,1,0,1,0,0,0
0.4054651081081644,0.24977740672550128,0.0,0.0,0.02894448327084133,1,0,0,1,0,0
0.0,0.20983599540387343,0.0,0.28768207245178085,0.05002900125238943,0,1,1,0,0,1
0.0,0.37820574607770335,0.11778303565638346,0.0,0.09861770160548049,1,0,1,0,0,0
0.6931471805599453,0.17879688043597444,0.0,0.0,0.017829898734407344,1,0,1,0,0,0
0.0,0.2595183760143615,0.0,0.0,0.1437436610449152,1,0,0,1,0,0
0.6931471805599453,0.31329174258271597,0.0,0.28768207245178085,0.029323648164715232,0,1,0,1,0,0
0.6931471805599453,0.2399406168029818,0.0,0.0,0.015013720496480469,0,1,1,0,0,1
0.6931471805599453,0.2595183760143615,0.11778303565638346,0.0,0.0304682328908991,0,1,1,0,0,1
0.6931471805599453,0.20983599540387343,0.0,0.0,0.013089085505924586,1,0,0,0,1,0
0.4054651081081644,0.19959629913518914,0.0,0.0,0.022198289814291207,1,0,1,0,0,0
0.4054651081081644,0.20983599540387343,0.11778303565638346,0.15415067982725836,0.069275306226147,1,0,1,0,0,0
0.6931471805599453,0.28818458502516947,0.0,0.0,0.01510178012944407,1,0,1,0,0,1
0.6931471805599453,0.10239054040582178,0.22314355131420976,0.28768207245178085,0.06494050115616902,0,1,1,0,0,0
0.4054651081081644,0.37389204773128965,0.0,0.28768207245178085,0.04950288176693388,1,0,1,0,0,0
0.4054651081081644,0.420349181160254,0.0,0.0,0.025057726524795907,1,0,1,0,0,0
0.4054651081081644,0.4920016579119998,0.0,0.0,0.02415312256249474,1,0,1,0,0,0
0.0,0.2399406168029818,0.11778303565638346,0.0,0.12221280312980437,0,1,1,0,0,1
0.6931471805599453,0.5259902781183522,0.0,0.0,0.015590389411477197,1,0,1,0,0,0
0.6931471805599453,0.4078915829631032,0.0,0.28768207245178085,0.027909010164649164,1,0,1,0,0,0
0.6931471805599453,0.31329174258271597,0.0,0.0,0.014172148444170278,1,0,1,0,0,0
0.0,0.4920016579119998,0.0,0.15415067982725836,0.11315386612582344,1,0,0,1,0,0
0.6931471805599453,0.17879688043597444,0.0,0.0,0.01498160948698724,0,1,0,0,1,1
0.6931471805599453,0.31605189084135504,0.0,0.0,0.015590389411477197,1,0,1,0,0,0
0.6931471805599453,0.31329174258271597,0.0,0.0,0.016766723550696125,1,0,1,0,0,0
0.6931471805599453,0.31329174258271597,0.6931471805599453,0.28768207245178085,0.12729547887673306,1,0,1,0,0,0
0.6931471805599453,0.4367215180575171,0.0,0.15415067982725836,0.030941445113450518,1,0,1,0,0,0
0.4054651081081644,0.40370432284629887,0.0,0.0,0.030278885283724966,0,1,1,0,0,1
0.6931471805599453,0.27872019486289784,0.0,0.0,0.015061788942881014,1,0,1,0,0,0
0.6931471805599453,0.1892506657881148,0.0,0.0,0.016766723550696125,1,0,1,0,0,0
0.6931471805599453,0.007261832337772165,0.4054651081081644,0.15415067982725836,0.07461091226899073,1,0,1,0,0,0
0.6931471805599453,0.10239054040582178,0.0,0.28768207245178085,0.039280453605432246,1,0,1,0,0,1
0.0,0.31329174258271597,0.0,0.15415067982725836,0.10197234771859282,0,1,1,0,0,1
0.6931471805599453,0.444808251436126,0.11778303565638346,0.5108256237659906,0.05302610677804016,0,1,1,0,0,0
0.0,0.31329174258271597,0.0,0.0,0.049363552105857286,1,0,1,0,0,0
0.6931471805599453,0.2975602396776254,0.0,0.0,0.10460544252952911,1,0,1,0,0,0
0.0,0.5660218221892988,0.0,0.0,0.06333871911988026,1,0,1,0,0,0
0.6931471805599453,0.044003657991029586,0.4054651081081644,0.15415067982725836,0.0552910958195755,1,0,0,0,1,0
0.6931471805599453,0.007261832337772165,0.11778303565638346,0.15415067982725836,0.021498007333324947,0,1,1,0,0,1
0.6931471805599453,0.23000610235300573,0.0,0.0,0.015350151109302577,1,0,1,0,0,0
0.0,0.5296964568473066,0.0,0.0,0.058187972216095916,1,0,0,1,0,0
0.6931471805599453,0.19959629913518914,0.11778303565638346,0.15415067982725836,0.015214054528192307,1,0,1,0,0,0
0.6931471805599453,0.31329174258271597,0.3184537311185346,0.15415067982725836,0.04851173298012749,1,0,1,0,0,0
0.0,0.4842891408912918,0.0,0.0,0.054528968184789375,0,1,0,1,0,0
0.4054651081081644,0.31605189084135504,0.0,0.0,0.025057726524795907,1,0,1,0,0,0
0.6931471805599453,0.3695596607451925,0.0,0.0,0.0,1,0,1,0,0,0
0.6931471805599453,0.31329174258271597,0.6931471805599453,0.28768207245178085,0.12729547887673306,0,1,1,0,0,0
0.4054651081081644,0.31329174258271597,0.0,0.0,0.028952447211634414,1,0,0,1,0,0
0.6931471805599453,0.10239054040582178,0.4054651081081644,0.28768207245178085,0.05946095197459231,1,0,1,0,0,0
0.4054651081081644,0.007261832337772165,0.22314355131420976,0.15415067982725836,0.0733647027367378,1,0,1,0,0,1
0.6931471805599453,0.044003657991029586,0.0,0.28768207245178085,0.042091527783197434,0,1,1,0,0,1
0.0,0.31329174258271597,0.0,0.0,0.09312005635116088,1,0,1,0,0,0
0.6931471805599453,0.31329174258271597,0.11778303565638346,0.0,0.029805359351605623,0,1,0,0,1,1
0.0,0.444808251436126,0.0,0.0,0.0505240398785738,1,0,1,0,0,1
0.6931471805599453,0.40370432284629887,0.11778303565638346,0.15415067982725836,0.029805359351605623,1,0,0,0,1,0
0.6931471805599453,0.3695596607451925,0.0,0.0,0.015294023125182035,1,0,1,0,0,0
0.4054651081081644,0.33420779987552035,0.0,0.0,0.025057726524795907,0,1,1,0,0,1
0.4054651081081644,0.20983599540387343,0.0,0.0,0.025057726524795907,1,0,1,0,0,0
0.6931471805599453,0.20983599540387343,0.11778303565638346,0.0,0.015214054528192307,0,1,1,0,0,1
0.4054651081081644,0.03190576062152016,0.11778303565638346,0.15415067982725836,0.04950288176693388,1,0,1,0,0,1
0.0,0.4367215180575171,0.0,0.0,0.052694340690821934,0,1,0,1,0,1
0.0,0.544385322595937,0.0,0.0,0.25152850381759995,0,1,0,1,0,1
0.6931471805599453,0.31329174258271597,0.0,0.0,0.015013720496480469,1,0,0,0,1,0
0.6931471805599453,0.420349181160254,0.0,0.15415067982725836,0.01627081535899849,1,0,1,0,0,0
0.6931471805599453,0.31329174258271597,0.0,0.0,0.015013720496480469,0,1,0,0,1,1
0.4054651081081644,0.2595183760143615,0.0,0.0,0.025057726524795907,0,1,1,0,0,0
0.6931471805599453,0.2975602396776254,0.0,0.0,0.018372944101240508,1,0,1,0,0,0
0.6931471805599453,0.31329174258271597,0.6931471805599453,0.28768207245178085,0.12729547887673306,1,0,1,0,0,0
0.6931471805599453,0.3520399414345839,0.0,0.0,0.012599252234062702,1,0,1,0,0,0
0.6931471805599453,0.44882722638192185,0.0,0.0,0.014003749011095652,1,0,0,1,0,0
0.6931471805599453,0.19959629913518914,0.0,0.0,0.015590389411477197,1,0,1,0,0,1
0.6931471805599453,0.019659709958831317,0.0,0.15415067982725836,0.020215718398352154,0,1,1,0,0,0
0.6931471805599453,0.33420779987552035,0.11778303565638346,0.0,0.0304682328908991,1,0,1,0,0,0
0.6931471805599453,0.27872019486289784,0.0,0.0,0.03601438393280675,1,0,0,1,0,1
0.6931471805599453,0.17879688043597444,0.0,0.0,0.015013720496480469,0,1,0,0,1,1
0.0,0.40370432284629887,0.0,0.0,0.058748010568137624,1,0,0,1,0,1
0.6931471805599453,0.2595183760143615,0.0,0.0,0.01366686504595389,1,0,1,0,0,0
0.4054651081081644,0.3608381681697983,0.0,0.0,0.04017148235607018,0,1,1,0,0,1
0.6931471805599453,0.2399406168029818,0.0,0.0,0.01405186602861203,1,0,1,0,0,0
0.4054651081081644,0.31605189084135504,0.0,0.0,0.025057726524795907,1,0,1,0,0,0
0.6931471805599453,0.31329174258271597,0.11778303565638346,0.0,0.015013720496480469,1,0,0,0,1,0
0.0,0.3251710494216168,0.11778303565638346,0.0,0.1997505155898914,0,1,0,1,0,1
0.6931471805599453,0.28818458502516947,0.0,0.0,0.015350151109302577,0,1,1,0,0,1
0.4054651081081644,0.420349181160254,0.11778303565638346,0.0,0.051358757964851676,1,0,1,0,0,0
0.0,0.33420779987552035,0.0,0.0,0.13881495598036686,0,1,0,1,0,1
0.4054651081081644,0.31605189084135504,0.0,0.0,0.02028744611537874,1,0,1,0,0,0
0.6931471805599453,0.17879688043597444,0.0,0.0,0.015590389411477197,1,0,1,0,0,1
0.4054651081081644,0.28818458502516947,0.0,0.0,0.025057726524795907,1,0,1,0,0,0
0.6931471805599453,0.4920016579119998,0.0,0.0,0.015590389411477197,1,0,1,0,0,0
0.6931471805599453,0.31329174258271597,0.0,0.0,0.015294023125182035,1,0,1,0,0,0
0.0,0.3867777169607502,0.11778303565638346,0.0,0.16183675252436688,1,0,1,0,0,1
0.6931471805599453,0.2399406168029818,0.0,0.0,0.018085452402978815,1,0,1,0,0,0
0.4054651081081644,0.20983599540387343,0.0,0.0,0.02028744611537874,1,0,1,0,0,1
0.6931471805599453,0.2250015878544759,0.0,0.0,0.01405186602861203,1,0,1,0,0,0
0.4054651081081644,0.19959629913518914,0.0,0.0,0.025057726524795907,1,0,1,0,0,0
0.6931471805599453,0.31329174258271597,0.3184537311185346,0.15415067982725836,0.04851173298012749,0,1,1,0,0,0
0.0,0.3608381681697983,0.11778303565638346,0.0,0.150944702426092,0,1,1,0,0,1
0.6931471805599453,0.30684880729587144,0.0,0.0,0.015061788942881014,1,0,1,0,0,0
0.4054651081081644,0.5516496288396406,0.0,0.0,0.026009058003875797,1,0,1,0,0,0
0.6931471805599453,0.05595694399061719,0.4054651081081644,0.28768207245178085,0.05946095197459231,0,1,1,0,0,1
0.4054651081081644,0.2595183760143615,0.0,0.0,0.02028744611537874,1,0,1,0,0,0
0.6931471805599453,0.31329174258271597,0.0,0.0,0.014629089721892339,0,1,1,0,0,0
0.4054651081081644,0.4367215180575171,0.11778303565638346,0.0,0.04950288176693388,1,0,1,0,0,0
0.4054651081081644,0.0909827050776365,0.0,0.28768207245178085,0.049967173817197445,0,1,1,0,0,1
0.4054651081081644,0.20983599540387343,0.0,0.0,0.02028744611537874,1,0,1,0,0,0
0.4054651081081644,0.3431636182874974,0.0,0.0,0.023676686326949015,1,0,1,0,0,0
0.6931471805599453,0.31329174258271597,0.11778303565638346,0.0,0.02782207118911138,0,1,0,1,0,0
0.6931471805599453,0.31329174258271597,0.11778303565638346,0.0,0.029805359351605623,0,1,0,0,1,1
0.4054651081081644,0.30684880729587144,0.0,0.0,0.02028744611537874,1,0,1,0,0,0
0.6931471805599453,0.2399406168029818,0.0,0.0,0.013811257785213759,1,0,1,0,0,0
0.6931471805599453,0.31605189084135504,0.0,0.0,0.014003749011095652,1,0,0,1,0,0
0.0,0.4367215180575171,0.22314355131420976,0.0,0.16183675252436688,1,0,0,0,1,0
0.6931471805599453,0.26916537346147645,0.0,0.0,0.015061788942881014,0,1,1,0,0,0
0.4054651081081644,0.2595183760143615,0.0,0.28768207245178085,0.027909010164649164,0,1,1,0,0,1
0.0,0.37820574607770335,0.11778303565638346,0.15415067982725836,0.09765195099379798,1,0,1,0,0,1
0.4054651081081644,0.5147886077080417,0.11778303565638346,0.0,0.04950288176693388,1,0,1,0,0,0
0.6931471805599453,0.31329174258271597,0.0,0.0,0.01405186602861203,1,0,1,0,0,0
0.6931471805599453,0.30684880729587144,0.11778303565638346,0.15415067982725836,0.020215718398352154,0,1,1,0,0,0
0.0,0.5731311938082868,0.0,0.0,0.0505240398785738,1,0,1,0,0,0
0.6931471805599453,0.31605189084135504,0.11778303565638346,0.0,0.030941445113450518,1,0,1,0,0,0
0.6931471805599453,0.412061383017042,0.0,0.28768207245178085,0.038693817203016886,0,1,1,0,0,0
0.6931471805599453,0.30684880729587144,0.0,0.28768207245178085,0.029323648164715232,0,1,0,1,0,1
0.0,0.31329174258271597,0.0,0.0,0.1437436610449152,0,1,0,1,0,1
0.0,0.31605189084135504,0.0,0.0,0.156009028377934,0,1,1,0,0,1
0.0,0.3608381681697983,0.0,0.0,0.6931471805599453,0,1,0,1,0,1
0.4054651081081644,0.4842891408912918,0.0,0.15415067982725836,0.04950288176693388,0,1,1,0,0,1
0.6931471805599453,0.31329174258271597,0.0,0.0,0.015013720496480469,1,0,0,0,1,0
0.6931471805599453,0.03190576062152016,0.4054651081081644,0.28768207245178085,0.05946095197459231,1,0,1,0,0,1
0.0,0.49965514697766494,0.11778303565638346,0.15415067982725836,0.14450411195795593,1,0,1,0,0,0
0.0,0.40370432284629887,0.0,0.0,0.0,1,0,1,0,0,0
0.6931471805599453,0.31329174258271597,0.0,0.0,0.015013720496480469,0,1,0,0,1,0
0.4054651081081644,0.3695596607451925,0.0,0.0,0.02028744611537874,1,0,1,0,0,0
0.6931471805599453,0.17879688043597444,0.4054651081081644,0.15415067982725836,0.07461091226899073,1,0,1,0,0,0
0.6931471805599453,0.26916537346147645,0.11778303565638346,0.0,0.015061788942881014,1,0,1,0,0,1
0.0,0.544385322595937,0.0,0.15415067982725836,0.2620094716834915,0,1,1,0,0,1
0.0,0.3608381681697983,0.0,0.0,0.23486543713368843,0,1,1,0,0,1
0.0,0.31329174258271597,0.0,0.0,0.058748010568137624,1,0,1,0,0,0
0.6931471805599453,0.26916537346147645,0.0,0.0,0.0,1,0,1,0,0,1
0.4054651081081644,0.412061383017042,0.0,0.15415067982725836,0.037354997987974446,0,1,1,0,0,1
0.0,0.37820574607770335,0.0,0.15415067982725836,0.05635248735354936,1,0,0,1,0,0
0.6931471805599453,0.31329174258271597,0.0,0.0,0.015013720496480469,0,1,0,0,1,1
0.0,0.5801903788476133,0.11778303565638346,0.0,0.1416423191753882,0,1,1,0,0,1
0.6931471805599453,0.444808251436126,0.0,0.0,0.015013720496480469,0,1,1,0,0,0
0.4054651081081644,0.31329174258271597,0.0,0.0,0.0,1,0,1,0,0,0
0.6931471805599453,0.07944322784935047,0.4054651081081644,0.15415067982725836,0.0552910958195755,1,0,0,0,1,0
0.6931471805599453,0.3608381681697983,0.11778303565638346,0.15415067982725836,0.03876423174471904,0,1,1,0,0,1
0.6931471805599453,0.5941609888612451,0.0,0.0,0.015013720496480469,1,0,0,0,1,0
0.6931471805599453,0.2975602396776254,0.0,0.0,0.015214054528192307,1,0,1,0,0,0
0.6931471805599453,0.17879688043597444,0.0,0.0,0.018372944101240508,1,0,1,0,0,0
0.6931471805599453,0.20983599540387343,0.0,0.0,0.015590389411477197,1,0,1,0,0,1
0.0,0.31329174258271597,0.0,0.0,0.04950288176693388,1,0,1,0,0,0
0.6931471805599453,0.3431636182874974,0.0,0.0,0.016766723550696125,1,0,0,1,0,0
0.6931471805599453,0.31605189084135504,0.0,0.0,0.018372944101240508,1,0,1,0,0,1
0.6931471805599453,0.2399406168029818,0.0,0.0,0.015294023125182035,1,0,1,0,0,0
0.4054651081081644,0.420349181160254,0.0,0.0,0.025057726524795907,1,0,1,0,0,1
0.6931471805599453,0.2399406168029818,0.0,0.0,0.015013720496480469,0,1,0,0,1,1
0.0,0.27872019486289784,0.0,0.0,0.14315179916210935,0,1,1,0,0,1
0.0,0.20983599540387343,0.11778303565638346,0.0,0.16362686056809073,0,1,0,1,0,1
0.4054651081081644,0.3695596607451925,0.0,0.0,0.024819752176545893,1,0,0,1,0,0
0.6931471805599453,0.2595183760143615,0.0,0.0,0.01712654937585209,0,1,1,0,0,0
0.6931471805599453,0.2595183760143615,0.0,0.0,0.015294023125182035,1,0,1,0,0,0
0.0,0.31329174258271597,0.0,0.0,0.052694340690821934,1,0,0,1,0,0
0.6931471805599453,0.25465975213337444,0.0,0.0,0.014011832831848146,1,0,0,1,0,0
0.0,0.019659709958831317,0.11778303565638346,0.28768207245178085,0.2591328180410758,0,1,1,0,0,0
0.0,0.31329174258271597,0.0,0.0,0.05782733447647642,1,0,1,0,0,1
0.0,0.4842891408912918,0.0,0.15415067982725836,0.39415365820595283,0,1,0,1,0,1
0.6931471805599453,0.31329174258271597,0.0,0.0,0.015013720496480469,0,1,0,0,1,1
0.6931471805599453,0.31329174258271597,0.22314355131420976,0.0,0.04438139093780345,1,0,0,0,1,1
0.6931471805599453,0.20983599540387343,0.0,0.0,0.0,1,0,1,0,0,0
0.4054651081081644,0.31329174258271597,0.0,0.0,0.023819641033232825,0,1,0,0,1,1
0.6931471805599453,0.31329174258271597,0.0,0.0,0.015590389411477197,1,0,1,0,0,0
0.0,0.006263330008182479,0.11778303565638346,0.28768207245178085,0.2591328180410758,1,0,1,0,0,1
0.0,0.31329174258271597,0.0,0.0,0.19592016494808995,0,1,0,1,0,1
0.0,0.1892506657881148,0.11778303565638346,0.0,0.19273270879136795,0,1,0,1,0,1
0.4054651081081644,0.31605189084135504,0.11778303565638346,0.0,0.04578076447082253,1,0,0,1,0,0
0.0,0.31605189084135504,0.0,0.0,0.10536707391954979,0,1,0,1,0,1
0.0,0.2595183760143615,0.0,0.0,0.15041301063732052,0,1,0,1,0,1
0.0,0.19959629913518914,0.22314355131420976,0.28768207245178085,0.4135138919029652,0,1,0,1,0,1
0.4054651081081644,0.27872019486289784,0.11778303565638346,0.15415067982725836,0.04950288176693388,0,1,1,0,0,0
0.6931471805599453,0.2975602396776254,0.0,0.0,0.015294023125182035,1,0,1,0,0,0
0.4054651081081644,0.42856885591159444,0.11778303565638346,0.15415067982725836,0.049967173817197445,1,0,1,0,0,0
0.6931471805599453,0.27872019486289784,0.0,0.0,0.015214054528192307,0,1,1,0,0,1
0.4054651081081644,0.2595183760143615,0.11778303565638346,0.0,0.04950288176693388,0,1,1,0,0,1
0.4054651081081644,0.5147886077080417,0.0,0.0,0.026959485311471264,1,0,1,0,0,0
0.0,0.3251710494216168,0.0,0.28768207245178085,0.2789932087255855,0,1,1,0,0,1
0.0,0.40370432284629887,0.11778303565638346,0.15415067982725836,0.23311488484113035,0,1,0,1,0,1
0.6931471805599453,0.2399406168029818,0.0,0.0,0.01405186602861203,1,0,1,0,0,0
0.6931471805599453,0.28818458502516947,0.0,0.0,0.015294023125182035,1,0,1,0,0,0
0.4054651081081644,0.31605189084135504,0.0,0.0,0.023819641033232825,0,1,0,0,1,1
0.4054651081081644,0.2399406168029818,0.11778303565638346,0.15415067982725836,0.05506020938272152,0,1,1,0,0,1
0.6931471805599453,0.31329174258271597,0.6931471805599453,0.28768207245178085,0.12729547887673306,1,0,1,0,0,0
0.0,0.3695596607451925,0.0,0.0,0.23486543713368843,0,1,0,1,0,1
0.6931471805599453,0.5660218221892988,0.0,0.0,0.01210127253104824,1,0,1,0,0,0
0.4054651081081644,0.3695596607451925,0.0,0.0,0.025057726524795907,0,1,1,0,0,1
0.6931471805599453,0.3251710494216168,0.11778303565638346,0.15415067982725836,0.039280453605432246,0,1,1,0,0,1
0.0,0.17879688043597444,0.0,0.15415067982725836,0.10720987997031255,0,1,0,1,0,1
0.6931471805599453,0.31329174258271597,0.22314355131420976,0.0,0.04438139093780345,0,1,0,0,1,1
0.0,0.44882722638192185,0.0,0.0,0.05413613018030518,1,0,1,0,0,0
0.0,0.3867777169607502,0.0,0.15415067982725836,0.2620094716834915,1,0,1,0,0,0
0.6931471805599453,0.17879688043597444,0.22314355131420976,0.0,0.0345305586252918,1,0,1,0,0,0
0.0,0.31329174258271597,0.11778303565638346,0.0,0.23179991794815435,0,1,1,0,0,1
0.6931471805599453,0.31329174258271597,0.0,0.0,0.015294023125182035,1,0,1,0,0,0
0.0,0.30684880729587144,0.11778303565638346,0.0,0.12221280312980437,1,0,1,0,0,0
0.0,0.412061383017042,0.0,0.0,0.23311488484113035,0,1,0,1,0,1
0.6931471805599453,0.444808251436126,0.0,0.0,0.015590389411477197,1,0,1,0,0,1
0.0,0.444808251436126,0.0,0.0,0.06699617236029527,1,0,1,0,0,0
0.4054651081081644,0.019659709958831317,0.11778303565638346,0.15415067982725836,0.04950288176693388,1,0,1,0,0,1
0.0,0.2595183760143615,0.3184537311185346,0.28768207245178085,0.4143203261822158,0,1,1,0,0,1
0.4054651081081644,0.2975602396776254,0.0,0.0,0.025057726524795907,1,0,1,0,0,0
0.4054651081081644,0.26916537346147645,0.0,0.0,0.025057726524795907,1,0,1,0,0,0
0.4054651081081644,0.3695596607451925,0.0,0.0,0.025057726524795907,1,0,1,0,0,0
0.4054651081081644,0.2595183760143615,0.0,0.0,0.025057726524795907,0,1,1,0,0,1
0.4054651081081644,0.40370432284629887,0.0,0.0,0.025057726524795907,0,1,1,0,0,1
0.6931471805599453,0.31329174258271597,0.11778303565638346,0.0,0.030941445113450518,0,1,1,0,0,1
0.6931471805599453,0.03190576062152016,0.11778303565638346,0.15415067982725836,0.030562893251489465,1,0,1,0,0,1
0.6931471805599453,0.420349181160254,0.0,0.0,0.016766723550696125,1,0,1,0,0,0
0.6931471805599453,0.24977740672550128,0.0,0.0,0.017845812835077288,1,0,1,0,0,0
0.0,0.31329174258271597,0.0,0.0,0.06608306237594892,1,0,1,0,0,0
0.6931471805599453,0.16823265795323875,0.11778303565638346,0.15415067982725836,0.014011832831848146,1,0,0,1,0,0
0.6931471805599453,0.26916537346147645,0.11778303565638346,0.0,0.03415336324945941,1,0,1,0,0,0
0.6931471805599453,0.31329174258271597,0.0,0.0,0.014003749011095652,1,0,0,1,0,0
0.6931471805599453,0.2975602396776254,0.0,0.0,0.018372944101240508,1,0,1,0,0,0
0.0,0.2399406168029818,0.0,0.15415067982725836,0.10197234771859282,0,1,1,0,0,1
0.4054651081081644,0.3867777169607502,0.0,0.0,0.025057726524795907,0,1,1,0,0,0
0.6931471805599453,0.31329174258271597,0.0,0.0,0.015262113346043075,0,1,0,0,1,1
0.6931471805599453,0.31329174258271597,0.0,0.0,0.015262113346043075,0,1,0,0,1,1
0.6931471805599453,0.40370432284629887,0.11778303565638346,0.5108256237659906,0.05302610677804016,1,0,1,0,0,0
0.4054651081081644,0.30684880729587144,0.11778303565638346,0.0,0.052694340690821934,1,0,0,1,0,0
0.6931471805599453,0.444808251436126,0.0,0.15415067982725836,0.02782207118911138,0,1,0,1,0,0
0.6931471805599453,0.3608381681697983,0.0,0.0,0.01366686504595389,1,0,1,0,0,0
0.6931471805599453,0.31329174258271597,0.11778303565638346,0.0,0.029805359351605623,1,0,0,0,1,0
0.6931471805599453,0.31605189084135504,0.0,0.0,0.01405186602861203,1,0,1,0,0,0
0.0,0.5588615452849587,0.11778303565638346,0.0,0.13704365826944034,0,1,0,1,0,1
0.6931471805599453,0.31329174258271597,0.0,0.0,0.014011832831848146,0,1,0,1,0,1
0.6931471805599453,0.31329174258271597,0.0,0.0,0.015013720496480469,0,1,0,0,1,1
0.0,0.2595183760143615,0.0,0.0,0.12686574411272555,0,1,0,1,0,1
0.0,0.26916537346147645,0.11778303565638346,0.0,0.10275060511156485,1,0,0,1,0,1
0.6931471805599453,0.19959629913518914,0.11778303565638346,0.0,0.012599252234062702,1,0,1,0,0,0
0.6931471805599453,0.20983599540387343,0.0,0.0,0.015590389411477197,1,0,1,0,0,0
0.0,0.2399406168029818,0.0,0.0,0.23486543713368843,1,0,0,1,0,0
0.6931471805599453,0.03190576062152016,0.3184537311185346,0.15415067982725836,0.040312098559000725,0,1,1,0,0,0
0.0,0.31329174258271597,0.11778303565638346,0.0,0.14875332895717522,0,1,0,1,0,1
0.6931471805599453,0.2399406168029818,0.0,0.0,0.01405186602861203,0,1,1,0,0,1
0.0,0.28818458502516947,0.0,0.28768207245178085,0.34558806577832585,1,0,0,1,0,0
0.6931471805599453,0.21997190216820725,0.0,0.0,0.007801368446396451,1,0,0,1,0,0
0.6931471805599453,0.20983599540387343,0.0,0.0,0.015061788942881014,1,0,1,0,0,0
0.0,0.420349181160254,0.0,0.0,0.3674857525851526,0,1,0,1,0,1
0.6931471805599453,0.007261832337772165,0.0,0.28768207245178085,0.03026316782083762,0,1,0,1,0,1
0.6931471805599453,0.33420779987552035,0.0,0.0,0.015350151109302577,1,0,1,0,0,0
0.0,0.3608381681697983,0.11778303565638346,0.0,0.09667038198810923,0,1,1,0,0,1
0.6931471805599453,0.31329174258271597,0.0,0.0,0.015294023125182035,1,0,1,0,0,0
0.4054651081081644,0.19959629913518914,0.0,0.0,0.1340608923416297,1,0,1,0,0,0
0.6931471805599453,0.007261832337772165,0.4855078157817008,0.28768207245178085,0.08759201983616036,1,0,1,0,0,0
0.4054651081081644,0.3695596607451925,0.0,0.0,0.025057726524795907,0,1,1,0,0,1
0.6931471805599453,0.31329174258271597,0.0,0.0,0.014973725788082714,1,0,0,0,1,0
0.4054651081081644,0.1892506657881148,0.0,0.0,0.02315234415937072,0,1,0,1,0,1
0.0,0.3695596607451925,0.11778303565638346,0.28768207245178085,0.21044275743508425,1,0,1,0,0,1
0.6931471805599453,0.23000610235300573,0.0,0.0,0.01510178012944407,1,0,1,0,0,1
0.6931471805599453,0.2975602396776254,0.22314355131420976,0.0,0.015350151109302577,1,0,1,0,0,0
0.0,0.24977740672550128,0.11778303565638346,0.0,0.1997505155898914,0,1,0,1,0,1
0.6931471805599453,0.2595183760143615,0.0,0.28768207245178085,0.032076241648970306,0,1,1,0,0,1
0.6931471805599453,0.2399406168029818,0.0,0.0,0.01510178012944407,1,0,1,0,0,0
0.6931471805599453,0.3251710494216168,0.0,0.0,0.015214054528192307,0,1,1,0,0,0
0.4054651081081644,0.4528301138018988,0.0,0.0,0.04950288176693388,1,0,1,0,0,0
0.4054651081081644,0.24977740672550128,0.0,0.0,0.02028744611537874,1,0,1,0,0,0
0.4054651081081644,0.2975602396776254,0.0,0.0,0.024391255585488148,0,1,1,0,0,1
0.6931471805599453,0.3952768332243418,0.0,0.0,0.015350151109302577,1,0,1,0,0,1
0.6931471805599453,0.27872019486289784,0.0,0.0,0.015590389411477197,1,0,1,0,0,0
0.6931471805599453,0.23000610235300573,0.11778303565638346,0.0,0.018995559385159594,0,1,1,0,0,0
0.6931471805599453,0.2975602396776254,0.11778303565638346,0.0,0.0304682328908991,1,0,1,0,0,0
0.6931471805599453,0.21997190216820725,0.0,0.0,0.016766723550696125,0,1,1,0,0,0
0.4054651081081644,0.3520399414345839,0.11778303565638346,0.0,0.04017148235607018,1,0,1,0,0,0
0.6931471805599453,0.4920016579119998,0.0,0.0,0.015013720496480469,1,0,1,0,0,0
0.4054651081081644,0.03190576062152016,0.11778303565638346,0.15415067982725836,0.035943775488515954,1,0,1,0,0,1
0.6931471805599453,0.23000610235300573,0.0,0.0,0.015061788942881014,1,0,1,0,0,0
0.6931471805599453,0.31329174258271597,0.3184537311185346,0.15415067982725836,0.04851173298012749,0,1,1,0,0,0
0.6931471805599453,0.31329174258271597,0.0,0.0,0.015294023125182035,1,0,1,0,0,0
0.6931471805599453,0.31329174258271597,0.0,0.0,0.013297702425629027,1,0,0,0,1,0
0.0,0.3431636182874974,0.11778303565638346,0.0,0.16183675252436688,0,1,0,0,1,1
0.4054651081081644,0.31329174258271597,0.0,0.0,0.0,1,0,1,0,0,0
0.6931471805599453,0.4367215180575171,0.0,0.0,0.015350151109302577,1,0,1,0,0,1
0.6931471805599453,0.31329174258271597,0.0,0.0,0.015590389411477197,0,1,1,0,0,0
0.4054651081081644,0.3520399414345839,0.11778303565638346,0.15415067982725836,0.0615049638758525,0,1,1,0,0,1
0.4054651081081644,0.19959629913518914,0.0,0.28768207245178085,0.025057726524795907,0,1,1,0,0,1
0.4054651081081644,0.31605189084135504,0.0,0.0,0.025057726524795907,1,0,1,0,0,0
0.6931471805599453,0.11366970351888557,0.0,0.28768207245178085,0.04606040434123649,0,1,1,0,0,0
0.6931471805599453,0.31329174258271597,0.0,0.0,0.015294023125182035,1,0,0,1,0,0
0.6931471805599453,0.23000610235300573,0.0,0.0,0.01498160948698724,1,0,0,0,1,0
0.6931471805599453,0.30684880729587144,0.0,0.0,0.015254039626059234,1,0,1,0,0,0
0.6931471805599453,0.2975602396776254,0.11778303565638346,0.15415067982725836,0.027719177308112075,0,1,1,0,0,0
0.6931471805599453,0.19959629913518914,0.11778303565638346,0.15415067982725836,0.038693817203016886,1,0,1,0,0,0
0.6931471805599453,0.31329174258271597,0.0,0.0,0.01405186602861203,1,0,1,0,0,0
0.4054651081081644,0.2975602396776254,0.11778303565638346,0.0,0.04950288176693388,0,1,1,0,0,1
0.4054651081081644,0.20983599540387343,0.0,0.0,0.04950288176693388,0,1,1,0,0,1
0.6931471805599453,0.31329174258271597,0.0,0.0,0.015013720496480469,1,0,0,0,1,0
0.6931471805599453,0.33420779987552035,0.0,0.0,0.015590389411477197,1,0,1,0,0,1
0.0,0.2975602396776254,0.0,0.0,0.0505240398785738,1,0,1,0,0,1
0.6931471805599453,0.31329174258271597,0.11778303565638346,0.0,0.030941445113450518,0,1,1,0,0,1
0.4054651081081644,0.420349181160254,0.11778303565638346,0.0,0.04950288176693388,0,1,1,0,0,1
0.6931471805599453,0.1892506657881148,0.0,0.0,0.013811257785213759,1,0,1,0,0,0
0.0,0.4842891408912918,0.11778303565638346,0.0,0.10355747128149574,1,0,1,0,0,0
0.0,0.1575556400173577,0.11778303565638346,0.28768207245178085,0.21044275743508425,0,1,1,0,0,1
0.6931471805599453,0.23000610235300573,0.22314355131420976,0.28768207245178085,0.06494050115616902,0,1,1,0,0,0
0.4054651081081644,0.2595183760143615,0.22314355131420976,0.4054651081081644,0.035943775488515954,0,1,1,0,0,1
0.0,0.5872000808990425,0.11778303565638346,0.5108256237659906,0.4143203261822158,1,0,1,0,0,0
0.4054651081081644,0.3251710494216168,0.0,0.0,0.02028744611537874,1,0,1,0,0,0
0.4054651081081644,0.444808251436126,0.11778303565638346,0.15415067982725836,0.049967173817197445,0,1,1,0,0,1
0.6931471805599453,0.21997190216820725,0.0,0.0,0.018372944101240508,1,0,1,0,0,0
0.6931471805599453,0.26916537346147645,0.11778303565638346,0.0,0.015061788942881014,1,0,1,0,0,0
0.4054651081081644,0.2975602396776254,0.0,0.0,0.025057726524795907,0,1,1,0,0,1
0.6931471805599453,0.31329174258271597,0.0,0.0,0.01571048692311477,1,0,1,0,0,1
0.0,0.044003657991029586,0.0,0.28768207245178085,0.14822753894558788,1,0,1,0,0,1
0.4054651081081644,0.1467633919487985,0.0,0.15415067982725836,0.037354997987974446,0,1,1,0,0,1
0.0,0.3520399414345839,0.0,0.0,0.0505240398785738,1,0,1,0,0,1
0.6931471805599453,0.05595694399061719,0.22314355131420976,0.15415067982725836,0.03690042546873154,0,1,0,1,0,1
0.0,0.49965514697766494,0.0,0.0,0.05782733447647642,1,0,1,0,0,1
0.4054651081081644,0.3695596607451925,0.11778303565638346,0.28768207245178085,0.05274840829682131,1,0,1,0,0,0
0.6931471805599453,0.31329174258271597,0.11778303565638346,0.0,0.038232150551941124,1,0,1,0,0,0
0.0,0.31605189084135504,0.0,0.0,0.05274840829682131,1,0,0,1,0,0
0.0,0.4765166783212666,0.11778303565638346,0.0,0.16034841891878718,1,0,0,1,0,1
0.6931471805599453,0.31329174258271597,0.0,0.0,0.015590389411477197,1,0,1,0,0,0
0.6931471805599453,0.30684880729587144,0.0,0.0,0.015294023125182035,1,0,0,1,0,1
0.0,0.5941609888612451,0.0,0.0,0.0505240398785738,1,0,1,0,0,0
0.0,0.31329174258271597,0.11778303565638346,0.0,0.09642670019066911,0,1,1,0,0,1
0.4054651081081644,0.4842891408912918,0.0,0.0,0.02028744611537874,0,1,1,0,0,1
0.6931471805599453,0.31329174258271597,0.0,0.0,0.015013720496480469,1,0,0,0,1,0
0.0,0.46868333104381926,0.0,0.0,0.0505240398785738,1,0,1,0,0,1
0.6931471805599453,0.3520399414345839,0.0,0.0,0.015590389411477197,1,0,1,0,0,0
0.0,0.46078813765600035,0.0,0.0,0.07245739207376867,1,0,1,0,0,0
0.4054651081081644,0.46868333104381926,0.0,0.0,0.025057726524795907,1,0,1,0,0,0
0.6931471805599453,0.31329174258271597,0.0,0.0,0.015590389411477197,1,0,1,0,0,0
0.6931471805599453,0.3867777169607502,0.0,0.0,0.01366686504595389,1,0,1,0,0,0
0.4054651081081644,0.31329174258271597,0.0,0.0,0.0,1,0,1,0,0,0
0.0,0.5296964568473066,0.0,0.0,0.0505240398785738,1,0,1,0,0,0
0.6931471805599453,0.31329174258271597,0.0,0.0,0.014965649739393313,1,0,0,0,1,0
0.6931471805599453,0.004138196387588744,0.22314355131420976,0.15415067982725836,0.03690042546873154,0,1,0,1,0,1
0.6931471805599453,0.31329174258271597,0.0,0.0,0.01405186602861203,1,0,1,0,0,0
0.6931471805599453,0.3867777169607502,0.0,0.0,0.016766723550696125,1,0,1,0,0,0
0.4054651081081644,0.3431636182874974,0.11778303565638346,0.28768207245178085,0.05274840829682131,0,1,1,0,0,1
0.4054651081081644,0.24977740672550128,0.0,0.0,0.026563647061810185,0,1,0,1,0,1
0.6931471805599453,0.2399406168029818,0.0,0.0,0.01901949838705172,0,1,1,0,0,0
0.0,0.31329174258271597,0.0,0.0,0.09667038198810923,1,0,1,0,0,0
0.4054651081081644,0.3520399414345839,0.11778303565638346,0.0,0.04017148235607018,1,0,1,0,0,0
0.6931471805599453,0.30684880729587144,0.11778303565638346,0.0,0.013658778436051316,1,0,1,0,0,0
0.6931471805599453,0.2399406168029818,0.0,0.0,0.014572921250317838,1,0,1,0,0,0
0.6931471805599453,0.019659709958831317,0.0,0.15415067982725836,0.02370051353054463,0,1,1,0,0,1
0.6931471805599453,0.10239054040582178,0.4855078157817008,0.28768207245178085,0.08759201983616036,1,0,1,0,0,0
0.4054651081081644,0.31329174258271597,0.0,0.0,0.0,1,0,1,0,0,0
0.6931471805599453,0.4842891408912918,0.0,0.0,0.015590389411477197,1,0,1,0,0,0
0.6931471805599453,0.5801903788476133,0.0,0.0,0.0185406094309054,0,1,1,0,0,1
0.0,0.26916537346147645,0.11778303565638346,0.0,0.16362686056809073,1,0,0,1,0,1
0.6931471805599453,0.31329174258271597,0.3184537311185346,0.15415067982725836,0.04851173298012749,0,1,1,0,0,0
0.0,0.3608381681697983,0.11778303565638346,0.0,0.16183675252436688,0,1,1,0,0,1
0.0,0.544385322595937,0.0,0.0,0.05635248735354936,1,0,0,1,0,0
0.6931471805599453,0.31605189084135504,0.0,0.0,0.015590389411477197,1,0,1,0,0,0
0.6931471805599453,0.10239054040582178,0.11778303565638346,0.15415067982725836,0.030562893251489465,1,0,1,0,0,1
0.6931471805599453,0.31329174258271597,0.11778303565638346,0.0,0.038232150551941124,1,0,1,0,0,0
0.6931471805599453,0.23000610235300573,0.0,0.0,0.01405186602861203,1,0,1,0,0,0
0.0,0.5222703125161708,0.0,0.0,0.05782733447647642,1,0,1,0,0,0
0.0,0.6349385872794708,0.0,0.0,0.09223797749148892,1,0,0,1,0,0
0.6931471805599453,0.23000610235300573,0.0,0.0,0.015590389411477197,1,0,1,0,0,0
0.6931471805599453,0.31329174258271597,0.0,0.0,0.027829854243863684,1,0,0,1,0,0
0.0,0.5147886077080417,0.11778303565638346,0.0,0.14216464001927745,0,1,0,1,0,1
0.6931471805599453,0.31329174258271597,0.0,0.0,0.02904725115903843,1,0,1,0,0,0
0.0,0.26916537346147645,0.11778303565638346,0.28768207245178085,0.2591328180410758,0,1,1,0,0,0
0.6931471805599453,0.2595183760143615,0.0,0.0,0.01510178012944407,1,0,1,0,0,0
0.6931471805599453,0.1892506657881148,0.0,0.0,0.016766723550696125,1,0,1,0,0,0
0.6931471805599453,0.23000610235300573,0.0,0.0,0.015013720496480469,0,1,0,0,1,0
0.6931471805599453,0.31329174258271597,0.0,0.0,0.014781421201641047,0,1,0,0,1,0
0.6931471805599453,0.37820574607770335,0.0,0.0,0.0185406094309054,0,1,1,0,0,0
0.0,0.17879688043597444,0.0,0.0,0.156009028377934,0,1,1,0,0,1
0.0,0.19959629913518914,0.11778303565638346,0.0,0.19273270879136795,1,0,0,1,0,0
0.4054651081081644,0.3431636182874974,0.0,0.28768207245178085,0.04950288176693388,0,1,1,0,0,1
0.0,0.31329174258271597,0.0,0.0,0.0505240398785738,1,0,1,0,0,1
0.6931471805599453,0.2975602396776254,0.0,0.0,0.04302679921661917,1,0,1,0,0,0
0.6931471805599453,0.27872019486289784,0.0,0.0,0.10460544252952911,1,0,1,0,0,1
0.6931471805599453,0.30684880729587144,0.0,0.0,0.015013720496480469,1,0,0,0,1,1
0.6931471805599453,0.31329174258271597,0.0,0.0,0.015590389411477197,1,0,1,0,0,0
0.0,0.3695596607451925,0.0,0.0,0.05003679903581385,1,0,1,0,0,1
0.0,0.5147886077080417,0.11778303565638346,0.0,0.10969806553096716,0,1,0,1,0,1
0.6931471805599453,0.2595183760143615,0.0,0.0,0.014524829298496697,1,0,1,0,0,0
0.0,0.46078813765600035,0.0,0.0,0.06429240884309313,1,0,1,0,0,0
0.4054651081081644,0.3520399414345839,0.0,0.0,0.02028744611537874,0,1,1,0,0,1
0.6931471805599453,0.31329174258271597,0.0,0.0,0.04606040434123649,1,0,0,0,1,0
0.4054651081081644,0.3695596607451925,0.11778303565638346,0.0,0.04950288176693388,0,1,1,0,0,1
0.6931471805599453,0.33420779987552035,0.0,0.0,0.015294023125182035,1,0,1,0,0,0
0.0,0.31605189084135504,0.0,0.0,0.1676307109841702,0,1,1,0,0,1
0.6931471805599453,0.2399406168029818,0.0,0.0,0.015294023125182035,1,0,1,0,0,0
0.6931471805599453,0.31329174258271597,0.0,0.0,0.014003749011095652,1,0,0,1,0,0
0.0,0.4367215180575171,0.0,0.15415067982725836,0.10720987997031255,0,1,0,1,0,1
0.6931471805599453,0.31329174258271597,0.0,0.0,0.014011832831848146,1,0,0,1,0,0
0.6931471805599453,0.4078915829631032,0.0,0.0,0.015013720496480469,1,0,0,0,1,0
0.4054651081081644,0.4842891408912918,0.0,0.0,0.02028744611537874,0,1,1,0,0,1
0.0,0.31329174258271597,0.0,0.0,0.3596893144603628,1,0,1,0,0,0
0.6931471805599453,0.3952768332243418,0.0,0.0,0.015350151109302577,1,0,1,0,0,0
0.4054651081081644,0.24977740672550128,0.22314355131420976,0.15415067982725836,0.022198289814291207,1,0,1,0,0,0
0.4054651081081644,0.019659709958831317,0.11778303565638346,0.15415067982725836,0.04950288176693388,0,1,1,0,0,1
0.6931471805599453,0.31329174258271597,0.0,0.0,0.014011832831848146,1,0,0,1,0,0
0.6931471805599453,0.1892506657881148,0.11778303565638346,0.15415067982725836,0.014011832831848146,1,0,0,1,0,0
0.6931471805599453,0.31329174258271597,0.0,0.28768207245178085,0.0427150769128512,0,1,0,1,0,1
0.6931471805599453,0.31605189084135504,0.0,0.0,0.016766723550696125,0,1,1,0,0,0
0.4054651081081644,0.07944322784935047,0.0,0.28768207245178085,0.049967173817197445,0,1,1,0,0,1
0.0,0.444808251436126,0.0,0.0,0.0505240398785738,1,0,1,0,0,0
0.0,0.31605189084135504,0.0,0.0,0.18874071456498911,0,1,0,1,0,1
0.6931471805599453,0.31329174258271597,0.0,0.0,0.027909010164649164,1,0,1,0,0,0
0.0,0.2399406168029818,0.0,0.28768207245178085,0.09223050193788407,0,1,0,1,0,1
0.0,0.3695596607451925,0.0,0.28768207245178085,0.12978430533639912,0,1,1,0,0,1
0.6931471805599453,0.10239054040582178,0.4054651081081644,0.28768207245178085,0.05925402134279556,0,1,1,0,0,0
0.6931471805599453,0.12482306473273837,0.4054651081081644,0.28768207245178085,0.05925402134279556,0,1,1,0,0,0
0.4054651081081644,0.33420779987552035,0.11778303565638346,0.0,0.04950288176693388,1,0,1,0,0,1
0.0,0.4842891408912918,0.11778303565638346,0.0,0.18874071456498911,1,0,0,1,0,0
0.0,0.5872000808990425,0.0,0.0,0.04950288176693388,1,0,1,0,0,0
0.4054651081081644,0.20983599540387343,0.11778303565638346,0.0,0.04950288176693388,0,1,1,0,0,1
0.4054651081081644,0.31329174258271597,0.0,0.0,0.026698207837965168,1,0,0,1,0,1
0.6931471805599453,0.3431636182874974,0.11778303565638346,0.15415067982725836,0.039280453605432246,1,0,1,0,0,0
0.4054651081081644,0.0909827050776365,0.11778303565638346,0.15415067982725836,0.069275306226147,1,0,1,0,0,1
0.0,0.1892506657881148,0.0,0.28768207245178085,0.19592016494808995,1,0,0,1,0,1
0.4054651081081644,0.28818458502516947,0.0,0.0,0.04950288176693388,1,0,1,0,0,0
0.6931471805599453,0.31329174258271597,0.0,0.0,0.015165993400580561,1,0,0,0,1,0
0.6931471805599453,0.2399406168029818,0.0,0.0,0.014003749011095652,1,0,0,1,0,1
0.6931471805599453,0.2399406168029818,0.0,0.0,0.015061788942881014,0,1,1,0,0,1
0.0,0.5731311938082868,0.0,0.0,0.0505240398785738,1,0,1,0,0,0
0.0,0.46868333104381926,0.11778303565638346,0.0,0.07445239000774008,0,1,0,1,0,1
0.0,0.31329174258271597,0.0,0.0,0.3674857525851526,1,0,0,1,0,0
0.0,0.3952768332243418,0.11778303565638346,0.15415067982725836,0.14450411195795593,0,1,1,0,0,1
0.6931471805599453,0.3695596607451925,0.11778303565638346,0.0,0.0333985454002229,0,1,1,0,0,1
0.6931471805599453,0.31329174258271597,0.0,0.0,0.015013720496480469,1,0,0,0,1,0
0.6931471805599453,0.40370432284629887,0.0,0.0,0.015294023125182035,1,0,1,0,0,0
0.4054651081081644,0.2975602396776254,0.0,0.0,0.026009058003875797,1,0,1,0,0,0
0.6931471805599453,0.31329174258271597,0.0,0.0,0.015590389411477197,1,0,1,0,0,0
0.6931471805599453,0.31329174258271597,0.0,0.0,0.015590389411477197,0,1,1,0,0,0
0.6931471805599453,0.2595183760143615,0.22314355131420976,0.0,0.04606040434123649,1,0,1,0,0,0
0.6931471805599453,0.20983599540387343,0.0,0.0,0.015294023125182035,1,0,1,0,0,0
0.6931471805599453,0.30684880729587144,0.0,0.5108256237659906,0.040312098559000725,0,1,1,0,0,0
0.6931471805599453,0.31329174258271597,0.0,0.0,0.014011832831848146,1,0,0,1,0,0
0.6931471805599453,0.33420779987552035,0.0,0.0,0.015214054528192307,1,0,1,0,0,1
0.4054651081081644,0.5731311938082868,0.0,0.0,0.02028744611537874,1,0,1,0,0,1
0.0,0.5072505047738852,0.22314355131420976,0.0,0.09574709029568258,0,1,1,0,0,1
0.0,0.3695596607451925,0.0,0.0,0.050222442589215634,1,0,1,0,0,1
0.6931471805599453,0.31329174258271597,0.0,0.0,0.015013720496480469,0,1,0,0,1,1
0.6931471805599453,0.17879688043597444,0.0,0.0,0.015590389411477197,1,0,1,0,0,0
0.6931471805599453,0.20983599540387343,0.0,0.0,0.027909010164649164,1,0,1,0,0,0
0.4054651081081644,0.3520399414345839,0.0,0.0,0.025057726524795907,0,1,1,0,0,1
0.0,0.3952768332243418,0.11778303565638346,0.0,0.10355747128149574,0,1,1,0,0,1
0.6931471805599453,0.31329174258271597,0.11778303565638346,0.0,0.027829854243863684,0,1,0,1,0,0
0.6931471805599453,0.33420779987552035,0.0,0.0,0.015350151109302577,1,0,1,0,0,1
0.4054651081081644,0.26916537346147645,0.11778303565638346,0.15415067982725836,0.05690580995916426,0,1,1,0,0,1
0.0,0.3952768332243418,0.11778303565638346,0.15415067982725836,0.19592016494808995,0,1,0,1,0,1
0.4054651081081644,0.5147886077080417,0.0,0.0,0.04950288176693388,1,0,1,0,0,0
0.0,0.3695596607451925,0.0,0.0,0.07540314685458746,1,0,0,1,0,0
0.6931471805599453,0.31329174258271597,0.0,0.0,0.016862689764520714,1,0,0,1,0,0
0.0,0.19959629913518914,0.0,0.28768207245178085,0.14450411195795593,0,1,1,0,0,1
0.4054651081081644,0.46078813765600035,0.0,0.0,0.028857634275589787,1,0,1,0,0,0
0.0,0.5588615452849587,0.11778303565638346,0.15415067982725836,0.1437436610449152,1,0,0,1,0,1
0.6931471805599453,0.2399406168029818,0.0,0.0,0.015590389411477197,1,0,1,0,0,0
0.6931471805599453,0.31329174258271597,0.0,0.0,0.015590389411477197,1,0,1,0,0,0
0.6931471805599453,0.3608381681697983,0.0,0.0,0.013811257785213759,1,0,1,0,0,0
0.0,0.49965514697766494,0.11778303565638346,0.0,0.14216464001927745,0,1,0,1,0,1
0.6931471805599453,0.46078813765600035,0.0,0.0,0.01405186602861203,1,0,1,0,0,0
0.6931471805599453,0.31329174258271597,0.0,0.28768207245178085,0.015013720496480469,0,1,0,0,1,0
0.4054651081081644,0.37820574607770335,0.11778303565638346,0.0,0.04950288176693388,1,0,1,0,0,0
0.6931471805599453,0.3695596607451925,0.11778303565638346,0.15415067982725836,0.04606040434123649,1,0,1,0,0,0
0.4054651081081644,0.31329174258271597,0.0,0.0,0.06242226183009436,0,1,1,0,0,1
0.6931471805599453,0.4765166783212666,0.0,0.0,0.0,1,0,1,0,0,0
0.6931471805599453,0.31329174258271597,0.0,0.0,0.014003749011095652,1,0,0,1,0,0
0.0,0.4765166783212666,0.11778303565638346,0.0,0.10536707391954979,1,0,0,1,0,1
0.4054651081081644,0.2595183760143615,0.22314355131420976,0.15415067982725836,0.051358757964851676,0,1,1,0,0,1
0.6931471805599453,0.31329174258271597,0.0,0.0,0.015294023125182035,1,0,1,0,0,0
0.0,0.31329174258271597,0.0,0.0,0.07951267956927865,1,0,1,0,0,0
0.6931471805599453,0.4367215180575171,0.0,0.0,0.015590389411477197,1,0,1,0,0,0
0.0,0.3608381681697983,0.0,0.0,0.0505240398785738,1,0,0,1,0,1
0.6931471805599453,0.3695596607451925,0.11778303565638346,0.0,0.029900082477873055,1,0,1,0,0,0
0.6931471805599453,0.31605189084135504,0.0,0.0,0.015294023125182035,1,0,1,0,0,0
0.0,0.28818458502516947,0.0,0.0,0.05782733447647642,1,0,1,0,0,1
0.4054651081081644,0.2399406168029818,0.11778303565638346,0.28768207245178085,0.07803194294267958,0,1,0,1,0,1
0.0,0.40370432284629887,0.0,0.0,0.2620094716834915,0,1,1,0,0,1
0.6931471805599453,0.3952768332243418,0.11778303565638346,0.6061358035703156,0.05925402134279556,0,1,1,0,0,0
0.6931471805599453,0.31329174258271597,0.0,0.0,0.01366686504595389,1,0,1,0,0,0
0.6931471805599453,0.31329174258271597,0.11778303565638346,0.0,0.029805359351605623,0,1,0,0,1,1
0.6931471805599453,0.31329174258271597,0.0,0.0,0.015013720496480469,1,0,0,0,1,0
0.6931471805599453,0.3608381681697983,0.0,0.0,0.015590389411477197,1,0,1,0,0,0
0.4054651081081644,0.2595183760143615,0.11778303565638346,0.28768207245178085,0.11944525390163245,0,1,1,0,0,1
0.6931471805599453,0.3520399414345839,0.11778303565638346,0.15415067982725836,0.027719177308112075,1,0,1,0,0,0
0.6931471805599453,0.27872019486289784,0.11778303565638346,0.0,0.030941445113450518,0,1,1,0,0,0
0.4054651081081644,0.044003657991029586,0.22314355131420976,0.15415067982725836,0.0733647027367378,0,1,1,0,0,1
0.4054651081081644,0.27872019486289784,0.0,0.0,0.02028744611537874,1,0,1,0,0,0
0.6931471805599453,0.28818458502516947,0.11778303565638346,0.0,0.02782207118911138,1,0,0,1,0,0
0.0,0.420349181160254,0.11778303565638346,0.0,0.09765195099379798,1,0,1,0,0,1
0.6931471805599453,0.21997190216820725,0.11778303565638346,0.15415067982725836,0.03026316782083762,1,0,0,1,0,1
0.6931471805599453,0.23000610235300573,0.0,0.0,0.015214054528192307,1,0,1,0,0,0
0.6931471805599453,0.23000610235300573,0.0,0.0,0.030941445113450518,1,0,1,0,0,0
0.0,0.5660218221892988,0.0,0.0,0.0611759993547931,1,0,1,0,0,0
0.4054651081081644,0.5370678598262815,0.0,0.0,0.023819641033232825,1,0,0,0,1,0
0.0,0.23000610235300573,0.0,0.0,0.1416423191753882,0,1,1,0,0,1
0.6931471805599453,0.27872019486289784,0.0,0.0,0.015294023125182035,1,0,1,0,0,0
0.6931471805599453,0.31329174258271597,0.0,0.0,0.01498160948698724,1,0,0,0,1,0
0.0,0.6931471805599453,0.0,0.0,0.05690580995916426,1,0,1,0,0,1
0.6931471805599453,0.4920016579119998,0.0,0.0,0.013674951590463733,1,0,1,0,0,0
0.0,0.33420779987552035,0.0,0.0,0.05782733447647642,1,0,0,1,0,1
0.0,0.31329174258271597,0.0,0.0,0.0,1,0,1,0,0,0
0.6931471805599453,0.10239054040582178,0.3184537311185346,0.28768207245178085,0.05302610677804016,0,1,1,0,0,0
0.4054651081081644,0.2975602396776254,0.0,0.0,0.025057726524795907,0,1,1,0,0,1
0.6931471805599453,0.33420779987552035,0.0,0.0,0.015350151109302577,1,0,1,0,0,0
0.4054651081081644,0.3251710494216168,0.11778303565638346,0.15415067982725836,0.049967173817197445,1,0,1,0,0,0
0.6931471805599453,0.412061383017042,0.0,0.6061358035703156,0.07461091226899073,0,1,1,0,0,0
0.6931471805599453,0.31329174258271597,0.11778303565638346,0.0,0.030941445113450518,1,0,1,0,0,0
0.6931471805599453,0.21997190216820725,0.0,0.0,0.015214054528192307,1,0,1,0,0,0
0.0,0.2595183760143615,0.0,0.0,0.12686574411272555,0,1,0,1,0,1
0.6931471805599453,0.019659709958831317,0.3184537311185346,0.28768207245178085,0.05302610677804016,0,1,1,0,0,0
0.6931471805599453,0.31329174258271597,0.0,0.0,0.10460544252952911,1,0,1,0,0,1
0.6931471805599453,0.004138196387588744,0.22314355131420976,0.15415067982725836,0.03690042546873154,0,1,0,1,0,1
0.0,0.46868333104381926,0.11778303565638346,0.0,0.1395579426663449,1,0,0,1,0,1
0.6931471805599453,0.20983599540387343,0.0,0.0,0.015294023125182035,1,0,1,0,0,0
0.0,0.5296964568473066,0.0,0.0,0.06699617236029527,1,0,0,1,0,1
0.6931471805599453,0.31329174258271597,0.0,0.0,0.014629089721892339,1,0,1,0,0,0
0.6931471805599453,0.24977740672550128,0.0,0.0,0.014629089721892339,0,1,1,0,0,1
0.6931471805599453,0.31329174258271597,0.0,0.0,0.015294023125182035,1,0,1,0,0,0
0.4054651081081644,0.19959629913518914,0.0,0.15415067982725836,0.04391449758905135,0,1,1,0,0,1
0.6931471805599453,0.23000610235300573,0.0,0.0,0.01632669651994691,1,0,1,0,0,0
0.6931471805599453,0.31329174258271597,0.0,0.0,0.015165993400580561,0,1,0,0,1,1
0.6931471805599453,0.19959629913518914,0.0,0.0,0.013089085505924586,0,1,0,0,1,0
0.4054651081081644,0.2595183760143615,0.22314355131420976,0.0,0.1340608923416297,1,0,1,0,0,0
0.6931471805599453,0.31329174258271597,0.0,0.0,0.015294023125182035,1,0,1,0,0,0
0.6931471805599453,0.33420779987552035,0.11778303565638346,0.15415067982725836,0.029805359351605623,0,1,0,0,1,0
0.4054651081081644,0.24977740672550128,0.0,0.0,0.025057726524795907,1,0,1,0,0,0
0.0,0.544385322595937,0.0,0.28768207245178085,0.1997505155898914,1,0,0,1,0,0
0.0,0.4842891408912918,0.22314355131420976,0.0,0.23179991794815435,1,0,1,0,0,1
0.6931471805599453,0.40370432284629887,0.0,0.0,0.014003749011095652,1,0,0,1,0,0
0.0,0.46078813765600035,0.0,0.0,0.04873632828654634,1,0,1,0,0,0
0.6931471805599453,0.3695596607451925,0.0,0.0,0.014524829298496697,1,0,1,0,0,0
0.6931471805599453,0.21997190216820725,0.11778303565638346,0.0,0.015350151109302577,1,0,1,0,0,1
0.4054651081081644,0.33420779987552035,0.22314355131420976,0.0,0.1340608923416297,1,0,1,0,0,0
0.4054651081081644,0.26916537346147645,0.0,0.0,0.025057726524795907,1,0,1,0,0,0
0.6931471805599453,0.31329174258271597,0.0,0.0,0.015061788942881014,1,0,1,0,0,0
0.6931471805599453,0.42856885591159444,0.0,0.0,0.015590389411477197,1,0,1,0,0,0
0.0,0.31329174258271597,0.11778303565638346,0.0,0.09667038198810923,0,1,1,0,0,1
0.4054651081081644,0.40370432284629887,0.11778303565638346,0.15415067982725836,0.0733647027367378,0,1,1,0,0,1
0.0,0.3251710494216168,0.11778303565638346,0.0,0.09667038198810923,1,0,1,0,0,0
0.4054651081081644,0.6282567503118375,0.0,0.0,0.02028744611537874,1,0,1,0,0,0
0.4054651081081644,0.3251710494216168,0.0,0.0,0.025057726524795907,1,0,1,0,0,1
0.4054651081081644,0.31329174258271597,0.0,0.0,0.0,1,0,1,0,0,0
0.6931471805599453,0.19959629913518914,0.0,0.0,0.015061788942881014,1,0,1,0,0,0
0.6931471805599453,0.2643535077627779,0.0,0.0,0.015590389411477197,1,0,1,0,0,0
0.6931471805599453,0.19959629913518914,0.0,0.0,0.019027541763063517,0,1,1,0,0,1
0.6931471805599453,0.42856885591159444,0.11778303565638346,0.6931471805599453,0.08759201983616036,0,1,1,0,0,0
0.0,0.3695596607451925,0.0,0.15415067982725836,0.6931471805599453,1,0,0,1,0,1
0.6931471805599453,0.31329174258271597,0.0,0.0,0.015758521889505304,0,1,0,0,1,0
0.0,0.28818458502516947,0.0,0.0,0.1395579426663449,1,0,0,1,0,1
0.6931471805599453,0.21997190216820725,0.0,0.0,0.017845812835077288,1,0,1,0,0,0
0.6931471805599453,0.1575556400173577,0.4855078157817008,0.28768207245178085,0.08759201983616036,1,0,1,0,0,0
0.4054651081081644,0.5588615452849587,0.11778303565638346,0.15415067982725836,0.0733647027367378,1,0,1,0,0,0
0.4054651081081644,0.26916537346147645,0.11778303565638346,0.28768207245178085,0.07803194294267958,1,0,0,1,0,0
0.6931471805599453,0.1575556400173577,0.4054651081081644,0.15415067982725836,0.07461091226899073,1,0,1,0,0,0
0.6931471805599453,0.20983599540387343,0.0,0.0,0.019657596665304727,1,0,1,0,0,0
0.6931471805599453,0.19959629913518914,0.0,0.0,0.01510178012944407,1,0,1,0,0,0
0.0,0.16823265795323875,0.0,0.15415067982725836,0.3453635400982424,0,1,1,0,0,1
0.0,0.3251710494216168,0.11778303565638346,0.0,0.10549143852722889,1,0,1,0,0,1
0.6931471805599453,0.044003657991029586,0.0,0.15415067982725836,0.025850628995478204,0,1,0,1,0,1
0.6931471805599453,0.31329174258271597,0.0,0.0,0.10460544252952911,1,0,1,0,0,1
0.6931471805599453,0.26916537346147645,0.0,0.0,0.014003749011095652,1,0,0,1,0,0
0.0,0.5588615452849587,0.0,0.0,0.0505240398785738,1,0,1,0,0,0
0.4054651081081644,0.49965514697766494,0.0,0.0,0.026009058003875797,1,0,1,0,0,0
0.6931471805599453,0.4367215180575171,0.0,0.0,0.015590389411477197,1,0,1,0,0,0
0.6931471805599453,0.31329174258271597,0.0,0.0,0.01498160948698724,0,1,0,0,1,1
0.0,0.4765166783212666,0.11778303565638346,0.15415067982725836,0.19592016494808995,1,0,0,1,0,0
0.6931471805599453,0.420349181160254,0.0,0.0,0.014821423601790385,1,0,1,0,0,0
0.0,0.19959629913518914,0.11778303565638346,0.0,0.3674857525851526,0,1,0,1,0,1
0.0,0.3608381681697983,0.0,0.0,0.05003679903581385,1,0,1,0,0,1
0.6931471805599453,0.19959629913518914,0.0,0.15415067982725836,0.02782207118911138,0,1,0,1,0,0
0.6931471805599453,0.26916537346147645,0.0,0.0,0.01499776126136579,1,0,0,0,1,0
0.6931471805599453,0.27872019486289784,0.11778303565638346,0.0,0.015214054528192307,1,0,1,0,0,0
0.4054651081081644,0.3952768332243418,0.0,0.0,0.04950288176693388,1,0,1,0,0,0
0.4054651081081644,0.444808251436126,0.0,0.0,0.026009058003875797,0,1,1,0,0,1
0.0,0.420349181160254,0.0,0.0,0.05003679903581385,1,0,1,0,0,1
0.0,0.2399406168029818,0.0,0.0,0.2591328180410758,0,1,1,0,0,1
0.6931471805599453,0.31329174258271597,0.11778303565638346,0.15415067982725836,0.029323648164715232,1,0,0,1,0,1
0.0,0.2595183760143615,0.0,0.0,0.09223797749148892,0,1,0,1,0,1
0.0,0.31329174258271597,0.0,0.0,0.0505240398785738,1,0,1,0,0,0
0.0,0.46868333104381926,0.11778303565638346,0.0,0.09667038198810923,1,0,1,0,0,1
0.6931471805599453,0.30684880729587144,0.0,0.0,0.018340940780557983,1,0,1,0,0,0
0.4054651081081644,0.49965514697766494,0.0,0.0,0.025057726524795907,1,0,1,0,0,0
0.6931471805599453,0.20983599540387343,0.0,0.0,0.014821423601790385,1,0,1,0,0,0
0.0,0.3867777169607502,0.0,0.0,0.3674857525851526,0,1,0,1,0,1
0.4054651081081644,0.28818458502516947,0.0,0.0,0.02028744611537874,0,1,1,0,0,1
0.6931471805599453,0.31329174258271597,0.0,0.0,0.029805359351605623,1,0,0,0,1,0
0.6931471805599453,0.3431636182874974,0.0,0.0,0.015061788942881014,1,0,1,0,0,0
0.4054651081081644,0.06776903502649623,0.0,0.15415067982725836,0.06242226183009436,0,1,1,0,0,1
0.6931471805599453,0.1892506657881148,0.11778303565638346,0.0,0.013674951590463733,1,0,1,0,0,0
0.4054651081081644,0.3520399414345839,0.0,0.0,0.025057726524795907,1,0,1,0,0,0
0.4054651081081644,0.4842891408912918,0.0,0.0,0.025057726524795907,1,0,1,0,0,0
0.0,0.28818458502516947,0.11778303565638346,0.0,0.09861770160548049,1,0,1,0,0,1
0.6931471805599453,0.21997190216820725,0.0,0.0,0.016766723550696125,1,0,1,0,0,0
0.4054651081081644,0.31605189084135504,0.3184537311185346,0.0,0.04017148235607018,0,1,1,0,0,1
0.6931471805599453,0.31329174258271597,0.0,0.0,0.014989685406786492,0,1,0,0,1,1
0.4054651081081644,0.26916537346147645,0.11778303565638346,0.0,0.04950288176693388,1,0,1,0,0,0
0.6931471805599453,0.26916537346147645,0.11778303565638346,0.0,0.015350151109302577,0,1,1,0,0,0
0.0,0.30684880729587144,0.0,0.0,0.3453635400982424,0,1,1,0,0,1
0.6931471805599453,0.12482306473273837,0.0,0.0,0.03601438393280675,1,0,0,1,0,0
0.4054651081081644,0.31329174258271597,0.0,0.0,0.0,1,0,1,0,0,0
0.4054651081081644,0.24977740672550128,0.0,0.0,0.025057726524795907,1,0,1,0,0,0
0.4054651081081644,0.24977740672550128,0.0,0.0,0.025057726524795907,1,0,1,0,0,0
0.6931471805599453,0.3022153081340286,0.0,0.0,0.030941445113450518,1,0,1,0,0,0
0.6931471805599453,0.46868333104381926,0.11778303565638346,0.4054651081081644,0.06494050115616902,0,1,1,0,0,0
0.0,0.3608381681697983,0.0,0.0,0.6931471805599453,1,0,0,1,0,1
0.6931471805599453,0.31329174258271597,0.0,0.0,0.015294023125182035,1,0,1,0,0,0
0.6931471805599453,0.31329174258271597,0.0,0.0,0.015294023125182035,1,0,1,0,0,0
0.0,0.31329174258271597,0.0,0.0,0.05690580995916426,1,0,1,0,0,1
0.0,0.3695596607451925,0.11778303565638346,0.0,0.14315179916210935,1,0,1,0,0,0
0.0,0.23000610235300573,0.22314355131420976,0.28768207245178085,0.4135138919029652,0,1,0,1,0,1
0.6931471805599453,0.2595183760143615,0.11778303565638346,0.0,0.030941445113450518,1,0,1,0,0,0
0.6931471805599453,0.3251710494216168,0.0,0.0,0.015350151109302577,1,0,1,0,0,1
0.0,0.6282567503118375,0.11778303565638346,0.15415067982725836,0.12978430533639912,1,0,1,0,0,0
0.6931471805599453,0.17879688043597444,0.11778303565638346,0.15415067982725836,0.03876423174471904,1,0,1,0,0,0
0.4054651081081644,0.31605189084135504,0.0,0.0,0.025057726524795907,0,1,1,0,0,1
0.0,0.20983599540387343,0.11778303565638346,0.0,0.09861770160548049,1,0,1,0,0,0
0.6931471805599453,0.3251710494216168,0.0,0.0,0.015013720496480469,1,0,0,0,1,0
0.4054651081081644,0.044003657991029586,0.11778303565638346,0.15415067982725836,0.04391449758905135,0,1,1,0,0,1
0.6931471805599453,0.06776903502649623,0.0,0.15415067982725836,0.02405785347297414,1,0,1,0,0,1
0.6931471805599453,0.3431636182874974,0.0,0.0,0.018372944101240508,1,0,1,0,0,0
0.6931471805599453,0.24977740672550128,0.0,0.0,0.015294023125182035,1,0,1,0,0,0
0.4054651081081644,0.46868333104381926,0.11778303565638346,0.28768207245178085,0.11944525390163245,0,1,1,0,0,1
0.4054651081081644,0.0031365686589248823,0.11778303565638346,0.15415067982725836,0.027909010164649164,1,0,1,0,0,1
0.6931471805599453,0.2975602396776254,0.0,0.0,0.01510178012944407,1,0,1,0,0,0
0.4054651081081644,0.19959629913518914,0.0,0.0,0.022198289814291207,1,0,1,0,0,0
0.6931471805599453,0.3520399414345839,0.0,0.0,0.015590389411477197,1,0,1,0,0,0
0.0,0.3431636182874974,0.0,0.0,0.156009028377934,0,1,1,0,0,1
0.6931471805599453,0.31329174258271597,0.0,0.0,0.027909010164649164,1,0,1,0,0,0
0.6931471805599453,0.412061383017042,0.0,0.0,0.013811257785213759,1,0,1,0,0,0
0.6931471805599453,0.21997190216820725,0.0,0.0,0.014011832831848146,1,0,0,1,0,1
0.0,0.3695596607451925,0.11778303565638346,0.28768207245178085,0.21044275743508425,0,1,1,0,0,1
0.6931471805599453,0.17879688043597444,0.0,0.0,0.015061788942881014,1,0,1,0,0,0
0.0,0.4920016579119998,0.11778303565638346,0.0,0.1416423191753882,0,1,1,0,0,1
0.0,0.31329174258271597,0.0,0.0,0.07445239000774008,1,0,0,1,0,0
0.6931471805599453,0.3206218649771198,0.0,0.0,0.015013720496480469,0,1,0,0,1,0
0.6931471805599453,0.31329174258271597,0.11778303565638346,0.0,0.04606040434123649,1,0,0,0,1,0
0.6931471805599453,0.33420779987552035,0.0,0.0,0.016190732787486905,1,0,1,0,0,0
0.6931471805599453,0.2595183760143615,0.0,0.0,0.018372944101240508,1,0,1,0,0,0
0.6931471805599453,0.46868333104381926,0.0,0.0,0.015214054528192307,1,0,1,0,0,0
0.4054651081081644,0.5370678598262815,0.0,0.0,0.02028744611537874,0,1,1,0,0,0
0.6931471805599453,0.31329174258271597,0.0,0.0,0.014003749011095652,1,0,0,1,0,0
0.4054651081081644,0.5147886077080417,0.11778303565638346,0.4054651081081644,0.04391449758905135,0,1,1,0,0,1
0.6931471805599453,0.19959629913518914,0.0,0.0,0.015013720496480469,1,0,1,0,0,0
0.6931471805599453,0.31329174258271597,0.0,0.0,0.015013720496480469,1,0,0,0,1,0
0.6931471805599453,0.05595694399061719,0.0,0.0,0.02405785347297414,0,1,1,0,0,1
0.6931471805599453,0.31329174258271597,0.0,0.0,0.014989685406786492,1,0,0,0,1,0
0.0,0.42856885591159444,0.0,0.15415067982725836,0.3453635400982424,0,1,1,0,0,1
0.6931471805599453,0.1467633919487985,0.0,0.0,0.014011832831848146,0,1,0,1,0,1
0.0,0.1892506657881148,0.11778303565638346,0.0,0.10549143852722889,0,1,1,0,0,1
0.0,0.30684880729587144,0.0,0.0,0.05690580995916426,1,0,1,0,0,0
0.6931471805599453,0.31329174258271597,0.11778303565638346,0.28768207245178085,0.04475474872791982,1,0,1,0,0,0
0.6931471805599453,0.26916537346147645,0.0,0.0,0.01366686504595389,1,0,1,0,0,0
0.6931471805599453,0.26916537346147645,0.0,0.0,0.01405186602861203,1,0,1,0,0,0
0.6931471805599453,0.19959629913518914,0.0,0.0,0.014524829298496697,0,1,1,0,0,1
0.6931471805599453,0.0909827050776365,0.4054651081081644,0.15415067982725836,0.0552910958195755,1,0,0,0,1,0
0.6931471805599453,0.007261832337772165,0.11778303565638346,0.28768207245178085,0.03937428350165768,1,0,1,0,0,1
0.0,0.4528301138018988,0.0,0.0,0.1437436610449152,1,0,0,1,0,0
0.6931471805599453,0.31329174258271597,0.0,0.0,0.015013720496480469,1,0,0,0,1,0
0.4054651081081644,0.17879688043597444,0.0,0.0,0.04950288176693388,1,0,1,0,0,0
0.6931471805599453,0.31329174258271597,0.6931471805599453,0.28768207245178085,0.12729547887673306,0,1,1,0,0,0
0.0,0.31329174258271597,0.0,0.0,0.058187972216095916,1,0,0,1,0,0
0.6931471805599453,0.26916537346147645,0.0,0.0,0.015294023125182035,1,0,1,0,0,0
0.4054651081081644,0.3952768332243418,0.0,0.0,0.025057726524795907,1,0,1,0,0,0
0.0,0.4765166783212666,0.0,0.0,0.04937135508001668,0,1,1,0,0,1
0.6931471805599453,0.3251710494216168,0.0,0.0,0.016806646614351262,0,1,1,0,0,1
0.6931471805599453,0.31605189084135504,0.0,0.0,0.014011832831848146,1,0,0,1,0,0
0.6931471805599453,0.31605189084135504,0.11778303565638346,0.15415067982725836,0.04606040434123649,0,1,1,0,0,0
0.4054651081081644,0.3520399414345839,0.0,0.0,0.025057726524795907,1,0,1,0,0,0
0.4054651081081644,0.3251710494216168,0.11778303565638346,0.15415067982725836,0.049967173817197445,0,1,1,0,0,1
0.0,0.12482306473273837,0.11778303565638346,0.28768207245178085,0.21044275743508425,1,0,1,0,0,1
0.6931471805599453,0.0,0.0,0.15415067982725836,0.016486833477710024,1,0,0,1,0,1
0.6931471805599453,0.28818458502516947,0.0,0.0,0.013522451454419918,1,0,1,0,0,1
0.6931471805599453,0.3251710494216168,0.0,0.0,0.015061788942881014,1,0,1,0,0,0
0.0,0.3952768332243418,0.0,0.0,0.0,1,0,1,0,0,0
0.6931471805599453,0.19959629913518914,0.0,0.0,0.015061788942881014,0,1,1,0,0,0
0.4054651081081644,0.3952768332243418,0.0,0.0,0.025057726524795907,1,0,1,0,0,0
0.0,0.3431636182874974,0.11778303565638346,0.0,0.09861770160548049,0,1,1,0,0,1
0.6931471805599453,0.27872019486289784,0.0,0.0,0.015278068362891696,1,0,1,0,0,0
0.6931471805599453,0.3952768332243418,0.0,0.0,0.04606040434123649,1,0,1,0,0,0
0.4054651081081644,0.3608381681697983,0.0,0.0,0.02028744611537874,1,0,1,0,0,0
0.6931471805599453,0.06776903502649623,0.4054651081081644,0.28768207245178085,0.05925402134279556,0,1,1,0,0,0
0.6931471805599453,0.3206218649771198,0.0,0.0,0.015590389411477197,1,0,1,0,0,0
0.0,0.31329174258271597,0.0,0.0,0.0,1,0,1,0,0,0
0.6931471805599453,0.24977740672550128,0.0,0.0,0.015350151109302577,0,1,1,0,0,0
0.4054651081081644,0.3251710494216168,0.11778303565638346,0.15415067982725836,0.06973815598686196,1,0,0,1,0,0
0.6931471805599453,0.42856885591159444,0.0,0.0,0.012510971943698136,1,0,1,0,0,0
0.6931471805599453,0.11366970351888557,0.3184537311185346,0.28768207245178085,0.05302610677804016,1,0,1,0,0,0
0.0,0.49965514697766494,0.11778303565638346,0.15415067982725836,0.1676307109841702,0,1,1,0,0,1
0.6931471805599453,0.28818458502516947,0.0,0.0,0.016766723550696125,1,0,1,0,0,1
0.0,0.3867777169607502,0.0,0.0,0.0,1,0,1,0,0,0
0.6931471805599453,0.28818458502516947,0.0,0.15415067982725836,0.02405785347297414,0,1,1,0,0,1
0.6931471805599453,0.019659709958831317,0.4054651081081644,0.15415067982725836,0.07461091226899073,1,0,1,0,0,0
0.6931471805599453,0.31329174258271597,0.0,0.0,0.013474308955695534,1,0,0,0,1,0
0.6931471805599453,0.31329174258271597,0.0,0.0,0.10460544252952911,1,0,1,0,0,0
0.4054651081081644,0.007261832337772165,0.0,0.28768207245178085,0.06973815598686196,1,0,0,1,0,1
0.6931471805599453,0.31329174258271597,0.0,0.0,0.015013720496480469,1,0,0,0,1,1
0.0,0.5731311938082868,0.0,0.0,0.1450951742356354,0,1,1,0,0,1
0.6931471805599453,0.16823265795323875,0.11778303565638346,0.0,0.02782207118911138,0,1,0,1,0,1
0.4054651081081644,0.005138821861947991,0.11778303565638346,0.15415067982725836,0.035943775488515954,1,0,1,0,0,1
0.6931471805599453,0.31329174258271597,0.0,0.0,0.014011832831848146,1,0,0,1,0,0
0.6931471805599453,0.24977740672550128,0.0,0.0,0.015214054528192307,1,0,1,0,0,0
0.6931471805599453,0.19959629913518914,0.0,0.0,0.016070692941796676,1,0,1,0,0,0
0.0,0.3952768332243418,0.11778303565638346,0.15415067982725836,0.15041301063732052,0,1,0,1,0,1
0.6931471805599453,0.23000610235300573,0.0,0.0,0.016766723550696125,1,0,1,0,0,0
0.6931471805599453,0.31329174258271597,0.0,0.0,0.015590389411477197,1,0,1,0,0,0
0.6931471805599453,0.33420779987552035,0.0,0.0,0.10460544252952911,1,0,1,0,0,1
0.0,0.31329174258271597,0.0,0.0,0.05635248735354936,1,0,0,1,0,1
0.6931471805599453,0.21997190216820725,0.0,0.0,0.015350151109302577,1,0,1,0,0,0
0.4054651081081644,0.17879688043597444,0.0,0.0,0.02028744611537874,1,0,1,0,0,0
0.0,0.31605189084135504,0.0,0.0,0.058748010568137624,0,1,0,1,0,1
0.6931471805599453,0.35644873087019285,0.0,0.0,0.012486876624154849,1,0,0,1,0,0
0.6931471805599453,0.1892506657881148,0.0,0.0,0.016766723550696125,1,0,1,0,0,0
0.6931471805599453,0.420349181160254,0.0,0.0,0.014629089721892339,1,0,1,0,0,0
0.6931471805599453,0.31329174258271597,0.6931471805599453,0.28768207245178085,0.12729547887673306,1,0,1,0,0,0
0.6931471805599453,0.3608381681697983,0.0,0.0,0.015294023125182035,1,0,0,1,0,0
0.4054651081081644,0.2975602396776254,0.0,0.15415067982725836,0.06242226183009436,1,0,1,0,0,0
0.0,0.31329174258271597,0.11778303565638346,0.0,0.16034841891878718,0,1,0,1,0,1
0.6931471805599453,0.044003657991029586,0.4054651081081644,0.28768207245178085,0.05925402134279556,1,0,1,0,0,0
0.6931471805599453,0.6547203216103112,0.0,0.0,0.015061788942881014,1,0,1,0,0,0
0.6931471805599453,0.10239054040582178,0.11778303565638346,0.15415067982725836,0.029323648164715232,0,1,0,1,0,0
0.0,0.17879688043597444,0.0,0.15415067982725836,0.07408995901969287,0,1,1,0,0,1
0.4054651081081644,0.4367215180575171,0.11778303565638346,0.0,0.04950288176693388,0,1,1,0,0,0
0.6931471805599453,0.19959629913518914,0.0,0.15415067982725836,0.018085452402978815,0,1,1,0,0,1
0.0,0.444808251436126,0.11778303565638346,0.15415067982725836,0.2789932087255855,0,1,1,0,0,1
0.0,0.4920016579119998,0.0,0.0,0.0505240398785738,1,0,1,0,0,1
0.6931471805599453,0.2595183760143615,0.0,0.4054651081081644,0.03690042546873154,0,1,0,1,0,1
0.6931471805599453,0.31329174258271597,0.0,0.0,0.014011832831848146,1,0,0,1,0,0
0.6931471805599453,0.412061383017042,0.22314355131420976,0.0,0.027165228901921055,1,0,1,0,0,0
0.4054651081081644,0.23000610235300573,0.11778303565638346,0.0,0.022198289814291207,1,0,1,0,0,0
0.0,0.46868333104381926,0.0,0.0,0.04937135508001668,0,1,1,0,0,1
0.6931471805599453,0.31329174258271597,0.6931471805599453,0.28768207245178085,0.12729547887673306,0,1,1,0,0,0
0.4054651081081644,0.2595183760143615,0.0,0.0,0.025057726524795907,1,0,1,0,0,0
0.4054651081081644,0.420349181160254,0.0,0.0,0.025057726524795907,0,1,1,0,0,1
0.4054651081081644,0.28818458502516947,0.11778303565638346,0.0,0.026690225924221475,0,1,0,1,0,1
0.0,0.3251710494216168,0.0,0.0,0.09400135783337625,1,0,1,0,0,0
0.6931471805599453,0.31329174258271597,0.0,0.0,0.018372944101240508,1,0,1,0,0,0
0.6931471805599453,0.044003657991029586,0.11778303565638346,0.15415067982725836,0.021498007333324947,1,0,1,0,0,1
0.6931471805599453,0.27872019486289784,0.0,0.0,0.015294023125182035,1,0,1,0,0,0
0.0,0.46078813765600035,0.11778303565638346,0.15415067982725836,0.09765195099379798,0,1,1,0,0,1
0.0,0.3431636182874974,0.0,0.0,0.009712035178753613,1,0,1,0,0,0
0.6931471805599453,0.46078813765600035,0.0,0.0,0.017414316843308762,1,0,1,0,0,0
0.4054651081081644,0.2975602396776254,0.11778303565638346,0.0,0.04578076447082253,0,1,0,1,0,1
0.6931471805599453,0.16823265795323875,0.0,0.0,0.014003749011095652,0,1,0,1,0,1
0.6931471805599453,0.21997190216820725,0.0,0.0,0.019035393567719553,1,0,1,0,0,0
0.6931471805599453,0.20983599540387343,0.0,0.0,0.015294023125182035,1,0,1,0,0,0
0.6931471805599453,0.31329174258271597,0.0,0.0,0.015294023125182035,1,0,1,0,0,0
0.0,0.5296964568473066,0.0,0.15415067982725836,0.15041301063732052,0,1,0,1,0,1
0.4054651081081644,0.26916537346147645,0.0,0.15415067982725836,0.04950288176693388,0,1,1,0,0,1
0.6931471805599453,0.3431636182874974,0.0,0.0,0.015294023125182035,1,0,1,0,0,0
0.6931471805599453,0.2399406168029818,0.0,0.0,0.020319387203009822,0,1,1,0,0,0
0.4054651081081644,0.2975602396776254,0.0,0.0,0.02028744611537874,1,0,1,0,0,0
0.6931471805599453,0.26916537346147645,0.0,0.0,0.01366686504595389,1,0,1,0,0,0
0.6931471805599453,0.3952768332243418,0.0,0.6061358035703156,0.0552910958195755,0,1,0,0,1,0
0.4054651081081644,0.28818458502516947,0.0,0.0,0.025057726524795907,1,0,1,0,0,0
0.0,0.20983599540387343,0.0,0.0,0.05690580995916426,0,1,1,0,0,1
0.6931471805599453,0.31329174258271597,0.11778303565638346,0.28768207245178085,0.04475474872791982,0,1,1,0,0,0
0.0,0.27872019486289784,0.0,0.0,0.05690580995916426,1,0,0,1,0,1
0.6931471805599453,0.33420779987552035,0.0,0.0,0.015013720496480469,1,0,0,0,1,0
